Site,Location,Plot,Plot.Name,Class,Tag,Class.Binary,Year span,Year Start,Year End,Size1,Size2,Surv,Flower,Fruits,Row.Order,Fruits plus 1
Site 2,Ridge,Plot 1,S2R1,In,2,Neighbor,2013-2014,2013,2014,2.754167798,1.837877066,1,0,,1,
Site 2,Ridge,Plot 1,S2R1,In,3,Neighbor,2013-2014,2013,2014,1.927489225,,,0,,2,
Site 2,Ridge,Plot 1,S2R1,In,5,Neighbor,2013-2014,2013,2014,3.783787215,3.488136973,1,1,4,3,5
Site 2,Ridge,Plot 1,S2R1,Edge,9,Neighbor,2013-2014,2013,2014,1.550194994,1.011198493,1,0,,4,
Site 2,Ridge,Plot 1,S2R1,Edge,10,Neighbor,2013-2014,2013,2014,2.34870269,1.65555551,1,0,,5,
Site 2,Ridge,Plot 1,S2R1,In,13,Neighbor,2013-2014,2013,2014,-0.529246548,0.269261148,1,0,,6,
Site 2,Ridge,Plot 1,S2R1,In,16,Neighbor,2013-2014,2013,2014,1.144729886,3.090640035,1,0,,7,
Site 2,Ridge,Plot 1,S2R1,In,19,Neighbor,2013-2014,2013,2014,0.857047813,3.852780087,1,1,18,8,19
Site 2,Ridge,Plot 1,S2R1,In,24,Neighbor,2013-2014,2013,2014,2.466485726,0.451582705,1,0,,9,
Site 2,Ridge,Plot 1,S2R1,In,27,Neighbor,2013-2014,2013,2014,2.34870269,0.857047813,1,0,,10,
Site 2,Ridge,Plot 1,S2R1,In,36,Neighbor,2013-2014,2013,2014,1.992027746,0.451582705,1,0,,11,
Site 2,Ridge,Plot 1,S2R1,In,37,Neighbor,2013-2014,2013,2014,2.531024247,2.620636406,1,1,50,12,51
Site 2,Ridge,Plot 1,S2R1,In,40,Neighbor,2013-2014,2013,2014,2.215171298,1.837877066,1,0,,13,
Site 2,Ridge,Plot 1,S2R1,Edge,52,Neighbor,2013-2014,2013,2014,1.837877066,3.244790715,1,0,,14,
Site 2,Ridge,Plot 1,S2R1,Neighbor,53,Neighbor,2013-2014,2013,2014,2.243342175,1.65555551,1,0,,15,
Site 2,Ridge,Plot 1,S2R1,In,56,Neighbor,2013-2014,2013,2014,3.527357687,4.476934396,1,1,7,16,8
Site 2,Ridge,Plot 1,S2R1,Neighbor,62,Neighbor,2013-2014,2013,2014,3.159632906,2.97731135,1,1,38,17,39
Site 2,Ridge,Plot 1,S2R1,In,69,Neighbor,2013-2014,2013,2014,0.046117597,1.992027746,1,0,,18,
Site 2,Ridge,Plot 1,S2R1,In,71,Neighbor,2013-2014,2013,2014,3.932822795,3.447314979,1,1,5,19,6
Site 2,Ridge,Plot 1,S2R1,In,75,Neighbor,2013-2014,2013,2014,2.061020618,0.451582705,1,0,,20,
Site 2,Ridge,Plot 1,S2R1,Out,77,Alone,2013-2014,2013,2014,1.550194994,1.878699061,1,0,,21,
Site 2,Ridge,Plot 1,S2R1,In,78,Neighbor,2013-2014,2013,2014,1.65555551,0.046117597,1,0,,22,
Site 2,Ridge,Plot 1,S2R1,In,79,Neighbor,2013-2014,2013,2014,1.367873437,1.837877066,1,0,,23,
Site 2,Ridge,Plot 1,S2R1,In,83,Neighbor,2013-2014,2013,2014,2.109810782,3.313783586,1,0,,24,
Site 2,Ridge,Plot 1,S2R1,In,88,Neighbor,2013-2014,2013,2014,3.208423071,1.550194994,1,0,,25,
Site 2,Ridge,Plot 1,S2R1,In,92,Neighbor,2013-2014,2013,2014,1.367873437,2.061020618,1,0,,26,
Site 2,Ridge,Plot 1,S2R1,In,94,Neighbor,2013-2014,2013,2014,2.125559139,1.837877066,1,0,,27,
Site 2,Ridge,Plot 1,S2R1,In,96,Neighbor,2013-2014,2013,2014,3.254943086,2.97731135,1,0,,28,
Site 2,Ridge,Plot 1,S2R1,In,99,Neighbor,2013-2014,2013,2014,1.992027746,1.550194994,1,0,,29,
Site 2,Ridge,Plot 1,S2R1,In,A,Neighbor,2013-2014,2013,2014,1.144729886,1.773338545,1,0,,30,
Site 2,Ridge,Plot 1,S2R1,In,B,Neighbor,2013-2014,2013,2014,0.046117597,0.451582705,1,0,,31,
Site 2,Ridge,Plot 1,S2R1,In,C,Neighbor,2013-2014,2013,2014,-2.033323944,-1.340176764,1,0,,32,
Site 2,Ridge,Plot 1,S2R1,Edge,D,Neighbor,2013-2014,2013,2014,-0.647029583,-0.241564475,1,0,,33,
Site 2,Ridge,Plot 1,S2R1,Edge,E,Neighbor,2013-2014,2013,2014,-2.033323944,-2.033323944,1,0,,34,
Site 2,Ridge,Plot 1,S2R1,In,F,Neighbor,2013-2014,2013,2014,-2.726471125,-2.033323944,1,0,,35,
Site 2,Ridge,Plot 1,S2R1,In,G,Neighbor,2013-2014,2013,2014,-0.241564475,,,0,,36,
Site 2,Ridge,Plot 1,S2R1,In,H,Neighbor,2013-2014,2013,2014,-0.647029583,,,0,,37,
Site 2,Ridge,Plot 1,S2R1,In,I,Neighbor,2013-2014,2013,2014,2.284164169,,,1,14,38,15
Site 2,Ridge,Plot 1,S2R1,In,J,Neighbor,2013-2014,2013,2014,1.144729886,,,0,,39,
Site 2,Ridge,Plot 1,S2R1,In,K,Neighbor,2013-2014,2013,2014,2.397492854,,,0,,40,
Site 2,Ridge,Plot 1,S2R1,In,L,Neighbor,2013-2014,2013,2014,3.208423071,,,0,,41,
Site 2,Ridge,Plot 1,S2R1,In,M,Neighbor,2013-2014,2013,2014,0.046117597,,,0,,42,
Site 2,Ridge,Plot 1,S2R1,In,N,Neighbor,2013-2014,2013,2014,0.739264778,,,0,,43,
Site 2,Ridge,Plot 1,S2R1,In,O,Neighbor,2013-2014,2013,2014,0.674726257,,,0,,44,
Site 2,Ridge,Plot 1,S2R1,In,R,Neighbor,2013-2014,2013,2014,0.857047813,,,0,,45,
Site 2,Ridge,Plot 1,S2R1,In,S,Neighbor,2013-2014,2013,2014,1.550194994,,,0,,46,
Site 2,Ridge,Plot 1,S2R1,In,T,Neighbor,2013-2014,2013,2014,-2.033323944,,,0,,47,
Site 2,Ridge,Plot 1,S2R1,In,U,Neighbor,2013-2014,2013,2014,-1.340176764,,,0,,48,
Site 2,Ridge,Plot 1,S2R1,Out,2,Alone,2013-2014,2013,2014,,,,,,49,
Site 2,Ridge,Plot 1,S2R1,Out,15,Alone,2013-2014,2013,2014,2.571846241,2.818706319,1,1,20,50,21
Site 2,Ridge,Plot 1,S2R1,Out,21,Alone,2013-2014,2013,2014,2.908318478,3.041849871,1,1,25,51,26
Site 2,Ridge,Plot 1,S2R1,Out,28,Alone,2013-2014,2013,2014,3.932822795,4.006930767,1,0,,52,
Site 2,Ridge,Plot 1,S2R1,Out,30,Alone,2013-2014,2013,2014,1.837877066,1.992027746,1,0,,53,
Site 2,Ridge,Plot 1,S2R1,Out,33,Alone,2013-2014,2013,2014,0.857047813,2.284164169,1,0,,54,
Site 2,Ridge,Plot 1,S2R1,Out,34,Alone,2013-2014,2013,2014,1.878699061,3.159632906,1,0,,55,
Site 2,Ridge,Plot 1,S2R1,Out,38,Alone,2013-2014,2013,2014,0.569365741,1.591016988,1,0,,56,
Site 2,Ridge,Plot 1,S2R1,Out,39,Alone,2013-2014,2013,2014,1.65555551,1.367873437,1,0,,57,
Site 2,Ridge,Plot 1,S2R1,Out,42,Alone,2013-2014,2013,2014,2.061020618,2.34870269,1,0,,58,
Site 2,Ridge,Plot 1,S2R1,Out,44,Alone,2013-2014,2013,2014,1.65555551,1.992027746,1,0,,59,
Site 2,Ridge,Plot 1,S2R1,Out,57,Alone,2013-2014,2013,2014,1.837877066,,,0,,60,
Site 2,Ridge,Plot 1,S2R1,Out,59,Alone,2013-2014,2013,2014,3.67045853,4.258245195,1,0,,61,
Site 2,Ridge,Plot 1,S2R1,Out,61,Alone,2013-2014,2013,2014,3.360303602,3.137160051,1,1,44,62,45
Site 2,Ridge,Plot 1,S2R1,Out,63,Alone,2013-2014,2013,2014,2.284164169,3.734997051,1,1,31,63,32
Site 2,Ridge,Plot 1,S2R1,Out,68,Alone,2013-2014,2013,2014,1.837877066,2.243342175,1,0,,64,
Site 2,Ridge,Plot 1,S2R1,Out,73,Alone,2013-2014,2013,2014,2.571846241,,,0,,65,
Site 2,Ridge,Plot 1,S2R1,Out,81,Alone,2013-2014,2013,2014,2.215171298,2.466485726,1,1,5,66,6
Site 2,Ridge,Plot 1,S2R1,Out,85,Alone,2013-2014,2013,2014,3.565098014,3.360303602,1,1,10,67,11
Site 2,Ridge,Plot 1,S2R1,Out,86,Alone,2013-2014,2013,2014,4.035101644,4.235772339,1,1,102,68,103
Site 2,Ridge,Plot 1,S2R1,Out,95,Alone,2013-2014,2013,2014,0.163900633,0.857047813,1,0,,69,
Site 2,Ridge,Plot 2,S2R2,In,1,Neighbor,2013-2014,2013,2014,1.367873437,-0.241564475,1,0,,70,
Site 2,Ridge,Plot 2,S2R2,In,4,Neighbor,2013-2014,2013,2014,1.550194994,0.857047813,1,0,,71,
Site 2,Ridge,Plot 2,S2R2,In,7,Neighbor,2013-2014,2013,2014,-0.241564475,-2.033323944,1,0,,72,
Site 2,Ridge,Plot 2,S2R2,In,D New,Neighbor,2013-2014,2013,2014,,,,,,73,
Site 2,Ridge,Plot 2,S2R2,In,8,Neighbor,2013-2014,2013,2014,2.125559139,2.685174927,1,0,,74,
Site 2,Ridge,Plot 2,S2R2,In,12,Neighbor,2013-2014,2013,2014,0.674726257,0.674726257,1,0,,75,
Site 2,Ridge,Plot 2,S2R2,In,14,Neighbor,2013-2014,2013,2014,2.531024247,3.447314979,1,1,5,76,6
Site 2,Ridge,Plot 2,S2R2,In,17,Neighbor,2013-2014,2013,2014,-2.033323944,1.704345674,1,0,,77,
Site 2,Ridge,Plot 2,S2R2,In,26,Neighbor,2013-2014,2013,2014,0.451582705,,,0,,78,
Site 2,Ridge,Plot 2,S2R2,Edge,29,Neighbor,2013-2014,2013,2014,2.125559139,,,1,7,79,8
Site 2,Ridge,Plot 2,S2R2,In,44,Neighbor,2013-2014,2013,2014,,,,,,80,
Site 2,Ridge,Plot 2,S2R2,In,46,Neighbor,2013-2014,2013,2014,0.739264778,2.908318478,1,0,,81,
Site 2,Ridge,Plot 2,S2R2,In,48,Neighbor,2013-2014,2013,2014,-0.241564475,-1.340176764,1,0,,82,
Site 2,Ridge,Plot 2,S2R2,In,51,Neighbor,2013-2014,2013,2014,1.550194994,0.674726257,1,0,,83,
Site 2,Ridge,Plot 2,S2R2,In,55,Neighbor,2013-2014,2013,2014,0.163900633,0.163900633,1,0,,84,
Site 2,Ridge,Plot 2,S2R2,In,58,Neighbor,2013-2014,2013,2014,3.378322107,3.226772209,1,1,48,85,49
Site 2,Ridge,Plot 2,S2R2,In,65,Neighbor,2013-2014,2013,2014,2.215171298,1.591016988,1,0,,86,
Site 2,Ridge,Plot 2,S2R2,In,66,Neighbor,2013-2014,2013,2014,1.878699061,-0.529246548,1,0,,87,
Site 2,Ridge,Plot 2,S2R2,In,67,Neighbor,2013-2014,2013,2014,2.125559139,1.837877066,1,0,,88,
Site 2,Ridge,Plot 2,S2R2,In,72,Neighbor,2013-2014,2013,2014,1.837877066,1.837877066,1,0,,89,
Site 2,Ridge,Plot 2,S2R2,Edge,76,Neighbor,2013-2014,2013,2014,-1.117033213,-0.241564475,1,0,,90,
Site 2,Ridge,Plot 2,S2R2,Edge,80,Neighbor,2013-2014,2013,2014,-0.647029583,-0.934711656,1,0,,91,
Site 2,Ridge,Plot 2,S2R2,In,84,Neighbor,2013-2014,2013,2014,3.159632906,2.936489355,1,1,28,92,29
Site 2,Ridge,Plot 2,S2R2,In,87,Neighbor,2013-2014,2013,2014,-1.340176764,-0.241564475,1,0,,93,
Site 2,Ridge,Plot 2,S2R2,Edge,97,Neighbor,2013-2014,2013,2014,0.962408329,1.773338545,1,0,,94,
Site 2,Ridge,Plot 2,S2R2,In,100,Neighbor,2013-2014,2013,2014,1.303334916,1.65555551,1,0,,95,
Site 2,Ridge,Plot 2,S2R2,In,A,Neighbor,2013-2014,2013,2014,2.571846241,1.65555551,1,1,6,96,7
Site 2,Ridge,Plot 2,S2R2,Edge,A2,Neighbor,2013-2014,2013,2014,-2.726471125,,,0,,97,
Site 2,Ridge,Plot 2,S2R2,In,B,Neighbor,2013-2014,2013,2014,1.550194994,1.367873437,1,0,,98,
Site 2,Ridge,Plot 2,S2R2,In,B2,Neighbor,2013-2014,2013,2014,-2.726471125,,,0,,99,
Site 2,Ridge,Plot 2,S2R2,In,C,Neighbor,2013-2014,2013,2014,1.955660102,2.061020618,1,1,8,100,9
Site 2,Ridge,Plot 2,S2R2,Out,105,Alone,2013-2014,2013,2014,1.144729886,1.144729886,1,0,,101,
Site 2,Ridge,Plot 2,S2R2,Out,108,Alone,2013-2014,2013,2014,3.378322107,3.496105143,1,0,,102,
Site 2,Ridge,Plot 2,S2R2,Out,108 part 2,Alone,2013-2014,2013,2014,,,,,,103,
Site 2,Ridge,Plot 2,S2R2,Out,114,Alone,2013-2014,2013,2014,3.264993422,3.264993422,1,0,,104,
Site 2,Ridge,Plot 2,S2R2,Out,124,Alone,2013-2014,2013,2014,2.571846241,3.601465659,1,1,1,105,2
Site 2,Ridge,Plot 2,S2R2,Out,127,Alone,2013-2014,2013,2014,1.080191365,0.739264778,1,0,,106,
Site 2,Ridge,Plot 2,S2R2,Out,132,Alone,2013-2014,2013,2014,-1.340176764,-1.340176764,1,0,,107,
Site 2,Ridge,Plot 2,S2R2,Out,152,Alone,2013-2014,2013,2014,2.466485726,,,0,,108,
Site 2,Ridge,Plot 2,S2R2,Out,158,Alone,2013-2014,2013,2014,2.754167798,3.852780087,1,1,12,109,13
Site 2,Ridge,Plot 2,S2R2,Out,159,Alone,2013-2014,2013,2014,3.447314979,3.565098014,1,1,43,110,44
Site 2,Ridge,Plot 2,S2R2,Out,169,Alone,2013-2014,2013,2014,2.531024247,2.243342175,1,1,18,111,19
Site 2,Ridge,Plot 2,S2R2,Out,171,Alone,2013-2014,2013,2014,3.937937895,4.071469288,1,0,,112,
Site 2,Ridge,Plot 2,S2R2,Out,176,Alone,2013-2014,2013,2014,3.852780087,3.917318608,1,1,1,113,2
Site 2,Ridge,Plot 2,S2R2,Out,189,Alone,2013-2014,2013,2014,-0.241564475,-1.340176764,1,0,,114,
Site 2,West,Plot 1,S2W1,In,11,Neighbor,2013-2014,2013,2014,3.447314979,2.397492854,1,1,1,115,2
Site 2,West,Plot 1,S2W1,In,18,Neighbor,2013-2014,2013,2014,-2.726471125,0.451582705,1,0,,116,
Site 2,West,Plot 1,S2W1,In,22,Neighbor,2013-2014,2013,2014,4.586749262,4.006930767,1,0,,117,
Site 2,West,Plot 1,S2W1,Edge,31,Neighbor,2013-2014,2013,2014,4.140462159,3.467934266,1,1,0,118,1
Site 2,West,Plot 1,S2W1,In,32,Neighbor,2013-2014,2013,2014,3.447314979,4.545927268,1,0,,119,
Site 2,West,Plot 1,S2W1,Edge,35,Neighbor,2013-2014,2013,2014,4.700077947,4.338287903,1,1,13,120,14
Site 2,West,Plot 1,S2W1,Out,41,Alone,2013-2014,2013,2014,5.056752891,,,0,,121,
Site 2,West,Plot 1,S2W1,Edge,47,Neighbor,2013-2014,2013,2014,3.542625159,3.459737499,1,0,,122,
Site 2,West,Plot 1,S2W1,In,50,Neighbor,2013-2014,2013,2014,-2.726471125,,,0,,123,
Site 2,West,Plot 1,S2W1,Edge,54,Neighbor,2013-2014,2013,2014,2.97731135,4.476934396,1,0,,124,
Site 2,West,Plot 1,S2W1,Edge,60,Neighbor,2013-2014,2013,2014,3.496105143,0.962408329,1,1,5,125,6
Site 2,West,Plot 1,S2W1,Out,82,Alone,2013-2014,2013,2014,0.451582705,2.754167798,1,0,,126,
Site 2,West,Plot 1,S2W1,In,89,Neighbor,2013-2014,2013,2014,-2.033323944,-0.934711656,1,0,,127,
Site 2,West,Plot 1,S2W1,Edge,93,Neighbor,2013-2014,2013,2014,6.098206766,4.594717432,1,0,,128,
Site 2,West,Plot 1,S2W1,In,98,Neighbor,2013-2014,2013,2014,-2.726471125,0.857047813,1,0,,129,
Site 2,West,Plot 1,S2W1,In,A,Neighbor,2013-2014,2013,2014,-2.033323944,,,0,,130,
Site 2,West,Plot 1,S2W1,In,B,Neighbor,2013-2014,2013,2014,-2.726471125,,,0,,131,
Site 2,West,Plot 1,S2W1,In,C,Neighbor,2013-2014,2013,2014,,,,,,132,
Site 2,West,Plot 1,S2W1,In,D,Neighbor,2013-2014,2013,2014,,,,,,133,
Site 2,West,Plot 1,S2W1,Edge,E,Neighbor,2013-2014,2013,2014,,,,,,134,
Site 2,West,Plot 1,S2W1,In,F,Neighbor,2013-2014,2013,2014,,,,,,135,
Site 2,West,Plot 1,S2W1,In,G,Neighbor,2013-2014,2013,2014,,,,,,136,
Site 2,West,Plot 1,S2W1,In,H,Neighbor,2013-2014,2013,2014,,,,,,137,
Site 2,West,Plot 1,S2W1,In,I,Neighbor,2013-2014,2013,2014,,,,,,138,
Site 2,West,Plot 1,S2W1,In,J,Neighbor,2013-2014,2013,2014,,,,,,139,
Site 2,West,Plot 1,S2W1,Out,K,Alone,2013-2014,2013,2014,,,,,,140,
Site 2,West,Plot 1,S2W1,In,L,Neighbor,2013-2014,2013,2014,,,,,,141,
Site 2,West,Plot 1,S2W1,In,M,Neighbor,2013-2014,2013,2014,,,,,,142,
Site 2,West,Plot 1,S2W1,Edge,N,Neighbor,2013-2014,2013,2014,,,,,,143,
Site 2,West,Plot 1,S2W1,In,O,Neighbor,2013-2014,2013,2014,,,,,,144,
Site 2,West,Plot 1,S2W1,In,P,Neighbor,2013-2014,2013,2014,,,,,,145,
Site 2,West,Plot 1,S2W1,Out,6,Alone,2013-2014,2013,2014,2.061020618,1.878699061,1,0,,146,
Site 2,West,Plot 1,S2W1,Out,20,Alone,2013-2014,2013,2014,-2.726471125,-2.033323944,1,0,,147,
Site 2,West,Plot 1,S2W1,Out,25,Alone,2013-2014,2013,2014,1.367873437,1.367873437,1,0,,148,
Site 2,West,Plot 1,S2W1,Out,43,Alone,2013-2014,2013,2014,1.65555551,1.367873437,1,0,,149,
Site 2,West,Plot 1,S2W1,Out,49,Alone,2013-2014,2013,2014,3.852780087,4.055720931,1,0,,150,
Site 2,West,Plot 1,S2W1,Out,64,Alone,2013-2014,2013,2014,5.239074448,4.882399504,1,1,90,151,91
Site 2,West,Plot 1,S2W1,Out,70,Alone,2013-2014,2013,2014,0.163900633,-0.241564475,1,0,,152,
Site 2,West,Plot 1,S2W1,Out,74,Alone,2013-2014,2013,2014,-0.241564475,-1.340176764,1,0,,153,
Site 2,West,Plot 1,S2W1,Out,91,Alone,2013-2014,2013,2014,3.467934266,3.527357687,1,1,7,154,8
Site 2,West,Plot 1,S2W1,Out,151,Alone,2013-2014,2013,2014,3.917318608,3.467934266,1,1,14,155,15
Site 2,West,Plot 1,S2W1,Out,160,Alone,2013-2014,2013,2014,1.416663601,1.550194994,1,0,,156,
Site 2,West,Plot 1,S2W1,Out,168,Alone,2013-2014,2013,2014,-0.241564475,-0.934711656,1,0,,157,
Site 2,West,Plot 1,S2W1,Out,184,Alone,2013-2014,2013,2014,4.412395875,5.019397105,1,0,,158,
Site 2,West,Plot 1,S2W1,Out,193,Alone,2013-2014,2013,2014,4.140462159,4.258245195,1,1,10,159,11
Site 2,West,Plot 2,S2W2,In,106,Neighbor,2013-2014,2013,2014,5.606799228,3.948090267,1,0,,160,
Site 2,West,Plot 2,S2W2,Neighbor,121,Neighbor,2013-2014,2013,2014,4.545927268,3.208423071,1,0,,161,
Site 2,West,Plot 2,S2W2,In,128,Neighbor,2013-2014,2013,2014,4.140462159,3.917318608,1,0,,162,
Site 2,West,Plot 2,S2W2,Neighbor,149,Neighbor,2013-2014,2013,2014,2.794989793,3.341954463,1,0,,163,
Site 2,West,Plot 2,S2W2,Neighbor,166,Neighbor,2013-2014,2013,2014,4.610465789,3.629636536,1,1,36,164,37
Site 2,West,Plot 2,S2W2,In,178,Neighbor,2013-2014,2013,2014,5.741531822,5.421396005,1,1,45,165,46
Site 2,West,Plot 2,S2W2,Edge,179,Neighbor,2013-2014,2013,2014,6.012264336,5.133713932,1,1,27,166,28
Site 2,West,Plot 2,S2W2,In,181,Neighbor,2013-2014,2013,2014,4.363605711,4.035101644,1,1,4,167,5
Site 2,West,Plot 2,S2W2,In,X,Neighbor,2013-2014,2013,2014,,,,,,168,
Site 2,West,Plot 2,S2W2,In,Y,Neighbor,2013-2014,2013,2014,,,,,,169,
Site 2,West,Plot 2,S2W2,Out,101,Alone,2013-2014,2013,2014,1.18555188,1.591016988,1,0,,170,
Site 2,West,Plot 2,S2W2,Out,111,Alone,2013-2014,2013,2014,0.962408329,1.367873437,1,0,,171,
Site 2,West,Plot 2,S2W2,Out,122,Alone,2013-2014,2013,2014,2.34870269,2.215171298,1,1,2,172,3
Site 2,West,Plot 2,S2W2,Out,125,Alone,2013-2014,2013,2014,1.992027746,2.571846241,1,1,4,173,5
Site 2,West,Plot 2,S2W2,Out,136,Alone,2013-2014,2013,2014,3.341954463,3.5118535,1,1,14,174,15
Site 2,West,Plot 2,S2W2,Out,137,Alone,2013-2014,2013,2014,1.65555551,2.438314849,1,0,,175,
Site 2,West,Plot 2,S2W2,Out,140,Alone,2013-2014,2013,2014,2.97731135,3.072621529,1,1,15,176,16
Site 2,West,Plot 2,S2W2,Out,182,Alone,2013-2014,2013,2014,0.451582705,0.451582705,1,0,,177,
Site 2,West,Plot 2,S2W2,Out,195,Alone,2013-2014,2013,2014,3.719248694,4.312312416,1,1,1,178,2
Site 2,West,Plot 2,S2W2,In,A,Neighbor,2013-2014,2013,2014,-2.033323944,-2.033323944,1,0,,179,
Site 2,West,Plot 2,S2W2,Edge,B,Neighbor,2013-2014,2013,2014,-2.726471125,-2.726471125,1,0,,180,
Site 2,West,Plot 2,S2W2,In,C,Neighbor,2013-2014,2013,2014,-2.726471125,,0,0,,181,
Site 2,West,Plot 2,S2W2,In,D,Neighbor,2013-2014,2013,2014,-0.241564475,0.046117597,1,0,,182,
Site 2,West,Plot 2,S2W2,Edge,E,Neighbor,2013-2014,2013,2014,-0.934711656,-0.241564475,1,0,,183,
Site 2,West,Plot 2,S2W2,In,F,Neighbor,2013-2014,2013,2014,-2.033323944,-2.726471125,1,0,,184,
Site 2,West,Plot 2,S2W2,Out,G,Alone,2013-2014,2013,2014,-2.726471125,-2.726471125,1,0,,185,
Site 4,Ridge,Plot 0,S4R0,Edge,6,Neighbor,2013-2014,2013,2014,3.313783586,3.747419571,1,1,9,186,10
Site 4,Ridge,Plot 0,S4R0,Edge,12,Neighbor,2013-2014,2013,2014,-1.340176764,-0.647029583,1,0,,187,
Site 4,Ridge,Plot 0,S4R0,In,16,Neighbor,2013-2014,2013,2014,1.144729886,3.660408194,1,0,,188,
Site 4,Ridge,Plot 0,S4R0,In,20,Neighbor,2013-2014,2013,2014,0.046117597,1.367873437,1,0,,189,
Site 4,Ridge,Plot 0,S4R0,Edge,22,Neighbor,2013-2014,2013,2014,4.651287783,4.258245195,1,1,19,190,20
Site 4,Ridge,Plot 0,S4R0,Out,29,Alone,2013-2014,2013,2014,-2.033323944,,,0,,191,
Site 4,Ridge,Plot 0,S4R0,Out,48,Alone,2013-2014,2013,2014,2.571846241,2.794989793,1,1,7,192,8
Site 4,Ridge,Plot 0,S4R0,In,62,Neighbor,2013-2014,2013,2014,3.629636536,3.496105143,1,1,6,193,7
Site 4,Ridge,Plot 0,S4R0,Edge,72,Neighbor,2013-2014,2013,2014,2.754167798,4.322783716,1,1,1,194,2
Site 4,Ridge,Plot 0,S4R0,In,73,Neighbor,2013-2014,2013,2014,0.569365741,1.992027746,1,0,,195,
Site 4,Ridge,Plot 0,S4R0,In,81,Neighbor,2013-2014,2013,2014,2.936489355,2.908318478,1,0,,196,
Site 4,Ridge,Plot 0,S4R0,Edge,90,Neighbor,2013-2014,2013,2014,1.432411958,1.837877066,1,0,,197,
Site 4,Ridge,Plot 0,S4R0,In,100,Neighbor,2013-2014,2013,2014,0.451582705,0.046117597,1,0,,198,
Site 4,Ridge,Plot 0,S4R0,In,9,Neighbor,2013-2014,2013,2014,3.852780087,3.583447153,1,1,6,199,7
Site 4,Ridge,Plot 0,S4R0,Out,60,Alone,2013-2014,2013,2014,4.140462159,,,1,55,200,56
Site 4,Ridge,Plot 0,S4R0,In,61,Neighbor,2013-2014,2013,2014,1.550194994,0.569365741,1,0,,201,
Site 4,Ridge,Plot 0,S4R0,Out,66,Alone,2013-2014,2013,2014,1.080191365,1.080191365,1,0,,202,
Site 4,Ridge,Plot 0,S4R0,Out,69,Alone,2013-2014,2013,2014,-0.241564475,-0.241564475,1,0,,203,
Site 4,Ridge,Plot 0,S4R0,Out,82,Alone,2013-2014,2013,2014,4.894233962,,,0,,204,
Site 4,Ridge,Plot 0,S4R0,Out,85,Alone,2013-2014,2013,2014,2.34870269,2.215171298,1,1,21,205,22
Site 4,Ridge,Plot 0,S4R0,In,91,Neighbor,2013-2014,2013,2014,-0.241564475,-0.934711656,1,0,,206,
Site 4,Ridge,Plot 0,S4R0,Out,95,Alone,2013-2014,2013,2014,3.447314979,3.845811418,1,1,51,207,52
Site 4,Ridge,Plot 1,S4R1,Out,8,Alone,2013-2014,2013,2014,0.451582705,0.163900633,1,0,,208,
Site 4,Ridge,Plot 1,S4R1,In,18,Neighbor,2013-2014,2013,2014,3.208423071,4.256391626,1,1,100,209,101
Site 4,Ridge,Plot 1,S4R1,Edge,21,Neighbor,2013-2014,2013,2014,,,,,,210,
Site 4,Ridge,Plot 1,S4R1,Edge,23,Neighbor,2013-2014,2013,2014,1.144729886,,,1,3,211,4
Site 4,Ridge,Plot 1,S4R1,In,34,Neighbor,2013-2014,2013,2014,2.648807283,2.802957962,1,1,12,212,13
Site 4,Ridge,Plot 1,S4R1,In,36,Neighbor,2013-2014,2013,2014,2.531024247,1.367873437,1,0,,213,
Site 4,Ridge,Plot 1,S4R1,In,38,Neighbor,2013-2014,2013,2014,0.605733385,-2.726471125,1,1,13,214,14
Site 4,Ridge,Plot 1,S4R1,In,40,Neighbor,2013-2014,2013,2014,3.917318608,2.591648869,1,1,40,215,41
Site 4,Ridge,Plot 1,S4R1,Neighbor,51,Neighbor,2013-2014,2013,2014,4.140462159,4.006930767,1,1,12,216,13
Site 4,Ridge,Plot 1,S4R1,Out,2,Alone,2013-2014,2013,2014,2.397492854,3.041849871,1,1,25,217,26
Site 4,Ridge,Plot 1,S4R1,Out,15,Alone,2013-2014,2013,2014,3.901570251,3.719248694,1,1,12,218,13
Site 4,Ridge,Plot 1,S4R1,Out,42,Alone,2013-2014,2013,2014,3.447314979,2.97731135,1,1,23,219,24
Site 4,Ridge,Plot 1,S4R1,In,45,Neighbor,2013-2014,2013,2014,4.764616468,5.239074448,1,1,25,220,26
Site 4,Ridge,Plot 1,S4R1,Neighbor,47,Neighbor,2013-2014,2013,2014,3.750501238,4.006930767,1,1,66,221,67
Site 4,Ridge,Plot 1,S4R1,Out,50,Alone,2013-2014,2013,2014,1.550194994,2.34870269,1,0,,222,
Site 4,Ridge,Plot 1,S4R1,Out,52,Alone,2013-2014,2013,2014,1.773338545,2.754167798,1,1,6,223,7
Site 4,Ridge,Plot 1,S4R1,Out,65,Alone,2013-2014,2013,2014,3.159632906,4.189252324,1,1,28,224,29
Site 4,Ridge,Plot 1,S4R1,Edge,67,Neighbor,2013-2014,2013,2014,3.264993422,3.341954463,1,0,,225,
Site 4,Ridge,Plot 1,S4R1,Out,84,Alone,2013-2014,2013,2014,1.262512922,1.144729886,1,0,,226,
Site 4,Ridge,Plot 1,S4R1,Out,97,Alone,2013-2014,2013,2014,0.451582705,1.144729886,1,0,,227,
Site 4,Ridge,Plot 1,S4R1,Out,98,Alone,2013-2014,2013,2014,2.438314849,2.648807283,1,1,3,228,4
Site 4,Ridge,Plot 2,S4R2,In,13,Neighbor,2013-2014,2013,2014,4.545927268,4.376028231,1,1,79,229,80
Site 4,Ridge,Plot 2,S4R2,In,24,Neighbor,2013-2014,2013,2014,0.046117597,0.163900633,1,0,,230,
Site 4,Ridge,Plot 2,S4R2,In,27,Neighbor,2013-2014,2013,2014,3.542625159,3.91991939,1,1,17,231,18
Site 4,Ridge,Plot 2,S4R2,Out,28,Alone,2013-2014,2013,2014,-0.647029583,-1.340176764,1,0,,232,
Site 4,Ridge,Plot 2,S4R2,In,43,Neighbor,2013-2014,2013,2014,1.144729886,1.144729886,1,0,,233,
Site 4,Ridge,Plot 2,S4R2,Out,49,Alone,2013-2014,2013,2014,0.857047813,0.857047813,1,0,,234,
Site 4,Ridge,Plot 2,S4R2,In,74,Neighbor,2013-2014,2013,2014,1.927489225,1.080191365,1,0,,235,
Site 4,Ridge,Plot 2,S4R2,Neighbor,83,Neighbor,2013-2014,2013,2014,3.244790715,2.34870269,1,0,,236,
Site 4,Ridge,Plot 2,S4R2,Out,87,Alone,2013-2014,2013,2014,3.054272391,3.409093766,1,0,,237,
Site 4,Ridge,Plot 2,S4R2,In,88,Neighbor,2013-2014,2013,2014,2.774787085,1.992027746,1,0,,238,
Site 4,Ridge,Plot 2,S4R2,In,89,Neighbor,2013-2014,2013,2014,0.569365741,-0.241564475,1,0,,239,
Site 4,Ridge,Plot 2,S4R2,Out,93,Alone,2013-2014,2013,2014,2.936489355,2.571846241,1,1,3,240,4
Site 4,Ridge,Plot 2,S4R2,Out,A,Alone,2013-2014,2013,2014,0.962408329,1.367873437,1,0,,241,
Site 4,Ridge,Plot 2,S4R2,Out,B,Alone,2013-2014,2013,2014,-0.241564475,0.163900633,1,0,,242,
Site 4,Ridge,Plot 3,S4R3,Out,3,Alone,2013-2014,2013,2014,2.531024247,2.551643534,1,1,0,243,1
Site 4,Ridge,Plot 3,S4R3,Out,17,Alone,2013-2014,2013,2014,1.878699061,2.215171298,1,1,7,244,8
Site 4,Ridge,Plot 3,S4R3,Out,35,Alone,2013-2014,2013,2014,3.932822795,3.783787215,1,1,1,245,2
Site 2,Ridge,Plot 1,S2R1,In,2,Neighbor,2014-2015,2014,2015,1.837877066,2.802957962,1,1,9,246,10
Site 2,Ridge,Plot 1,S2R1,In,3,Neighbor,2014-2015,2014,2015,,2.061020618,,,,247,
Site 2,Ridge,Plot 1,S2R1,In,5,Neighbor,2014-2015,2014,2015,3.488136973,4.055720931,1,0,,248,
Site 2,Ridge,Plot 1,S2R1,Edge,9,Neighbor,2014-2015,2014,2015,1.011198493,1.704345674,1,0,,249,
Site 2,Ridge,Plot 1,S2R1,Edge,10,Neighbor,2014-2015,2014,2015,1.65555551,2.531024247,1,1,29,250,30
Site 2,Ridge,Plot 1,S2R1,In,13,Neighbor,2014-2015,2014,2015,0.269261148,0.451582705,1,0,,251,
Site 2,Ridge,Plot 1,S2R1,In,16,Neighbor,2014-2015,2014,2015,3.090640035,1.080191365,1,0,,252,
Site 2,Ridge,Plot 1,S2R1,In,19,Neighbor,2014-2015,2014,2015,3.852780087,,,1,15,253,16
Site 2,Ridge,Plot 1,S2R1,In,24,Neighbor,2014-2015,2014,2015,0.451582705,,,0,,254,
Site 2,Ridge,Plot 1,S2R1,In,27,Neighbor,2014-2015,2014,2015,0.857047813,2.957108642,1,1,2,255,3
Site 2,Ridge,Plot 1,S2R1,In,36,Neighbor,2014-2015,2014,2015,0.451582705,1.144729886,1,1,19,256,20
Site 2,Ridge,Plot 1,S2R1,In,37,Neighbor,2014-2015,2014,2015,2.620636406,2.908318478,1,0,,257,
Site 2,Ridge,Plot 1,S2R1,In,40,Neighbor,2014-2015,2014,2015,1.837877066,2.061020618,1,0,,258,
Site 2,Ridge,Plot 1,S2R1,Edge,52,Neighbor,2014-2015,2014,2015,3.244790715,,,0,,259,
Site 2,Ridge,Plot 1,S2R1,Neighbor,53,Neighbor,2014-2015,2014,2015,1.65555551,2.215171298,1,0,,260,
Site 2,Ridge,Plot 1,S2R1,In,56,Neighbor,2014-2015,2014,2015,4.476934396,4.610465789,1,1,23,261,24
Site 2,Ridge,Plot 1,S2R1,Neighbor,62,Neighbor,2014-2015,2014,2015,2.97731135,2.689629277,1,1,27,262,28
Site 2,Ridge,Plot 1,S2R1,In,69,Neighbor,2014-2015,2014,2015,1.992027746,,,0,,263,
Site 2,Ridge,Plot 1,S2R1,In,71,Neighbor,2014-2015,2014,2015,3.447314979,4.376028231,1,0,,264,
Site 2,Ridge,Plot 1,S2R1,In,75,Neighbor,2014-2015,2014,2015,0.451582705,-0.241564475,1,0,,265,
Site 2,Ridge,Plot 1,S2R1,Out,77,Alone,2014-2015,2014,2015,1.878699061,2.101842612,1,0,,266,
Site 2,Ridge,Plot 1,S2R1,In,78,Neighbor,2014-2015,2014,2015,0.046117597,,,0,,267,
Site 2,Ridge,Plot 1,S2R1,In,79,Neighbor,2014-2015,2014,2015,1.837877066,1.367873437,1,0,,268,
Site 2,Ridge,Plot 1,S2R1,In,83,Neighbor,2014-2015,2014,2015,3.313783586,2.215171298,1,0,,269,
Site 2,Ridge,Plot 1,S2R1,In,88,Neighbor,2014-2015,2014,2015,1.550194994,,,0,,270,
Site 2,Ridge,Plot 1,S2R1,In,92,Neighbor,2014-2015,2014,2015,2.061020618,,,0,,271,
Site 2,Ridge,Plot 1,S2R1,In,94,Neighbor,2014-2015,2014,2015,1.837877066,2.061020618,1,0,,272,
Site 2,Ridge,Plot 1,S2R1,In,96,Neighbor,2014-2015,2014,2015,2.97731135,1.837877066,1,0,,273,
Site 2,Ridge,Plot 1,S2R1,In,99,Neighbor,2014-2015,2014,2015,1.550194994,2.061020618,1,0,,274,
Site 2,Ridge,Plot 1,S2R1,In,A,Neighbor,2014-2015,2014,2015,1.773338545,,,0,,275,
Site 2,Ridge,Plot 1,S2R1,In,B,Neighbor,2014-2015,2014,2015,0.451582705,,,0,,276,
Site 2,Ridge,Plot 1,S2R1,In,C,Neighbor,2014-2015,2014,2015,-1.340176764,,,0,,277,
Site 2,Ridge,Plot 1,S2R1,Edge,D,Neighbor,2014-2015,2014,2015,-0.241564475,,,0,,278,
Site 2,Ridge,Plot 1,S2R1,Edge,E,Neighbor,2014-2015,2014,2015,-2.033323944,,,0,,279,
Site 2,Ridge,Plot 1,S2R1,In,F,Neighbor,2014-2015,2014,2015,-2.033323944,,,0,,280,
Site 2,Ridge,Plot 1,S2R1,In,G,Neighbor,2014-2015,2014,2015,,-0.934711656,,,,281,
Site 2,Ridge,Plot 1,S2R1,In,H,Neighbor,2014-2015,2014,2015,,,,,,282,
Site 2,Ridge,Plot 1,S2R1,In,I,Neighbor,2014-2015,2014,2015,,-0.018420924,,,,283,
Site 2,Ridge,Plot 1,S2R1,In,J,Neighbor,2014-2015,2014,2015,,1.65555551,,,,284,
Site 2,Ridge,Plot 1,S2R1,In,K,Neighbor,2014-2015,2014,2015,,,,,,285,
Site 2,Ridge,Plot 1,S2R1,In,L,Neighbor,2014-2015,2014,2015,,,,,,286,
Site 2,Ridge,Plot 1,S2R1,In,M,Neighbor,2014-2015,2014,2015,,,,,,287,
Site 2,Ridge,Plot 1,S2R1,In,N,Neighbor,2014-2015,2014,2015,,,,,,288,
Site 2,Ridge,Plot 1,S2R1,In,O,Neighbor,2014-2015,2014,2015,,,,,,289,
Site 2,Ridge,Plot 1,S2R1,In,R,Neighbor,2014-2015,2014,2015,,,,,,290,
Site 2,Ridge,Plot 1,S2R1,In,S,Neighbor,2014-2015,2014,2015,,,,,,291,
Site 2,Ridge,Plot 1,S2R1,In,T,Neighbor,2014-2015,2014,2015,,,,,,292,
Site 2,Ridge,Plot 1,S2R1,In,U,Neighbor,2014-2015,2014,2015,,,,,,293,
Site 2,Ridge,Plot 1,S2R1,Out,2,Alone,2014-2015,2014,2015,,,,,,294,
Site 2,Ridge,Plot 1,S2R1,Out,15,Alone,2014-2015,2014,2015,2.818706319,2.551643534,1,1,22,295,23
Site 2,Ridge,Plot 1,S2R1,Out,21,Alone,2014-2015,2014,2015,3.041849871,,0,1,13,296,14
Site 2,Ridge,Plot 1,S2R1,Out,28,Alone,2014-2015,2014,2015,4.006930767,4.171233818,1,1,79,297,80
Site 2,Ridge,Plot 1,S2R1,Out,30,Alone,2014-2015,2014,2015,1.992027746,1.837877066,1,0,,298,
Site 2,Ridge,Plot 1,S2R1,Out,33,Alone,2014-2015,2014,2015,2.284164169,1.144729886,1,0,,299,
Site 2,Ridge,Plot 1,S2R1,Out,34,Alone,2014-2015,2014,2015,3.159632906,0.451582705,1,0,,300,
Site 2,Ridge,Plot 1,S2R1,Out,38,Alone,2014-2015,2014,2015,1.591016988,1.080191365,1,0,,301,
Site 2,Ridge,Plot 1,S2R1,Out,39,Alone,2014-2015,2014,2015,1.367873437,1.65555551,1,0,,302,
Site 2,Ridge,Plot 1,S2R1,Out,42,Alone,2014-2015,2014,2015,2.34870269,2.215171298,1,1,8,303,9
Site 2,Ridge,Plot 1,S2R1,Out,44,Alone,2014-2015,2014,2015,1.992027746,1.367873437,1,0,,304,
Site 2,Ridge,Plot 1,S2R1,Out,57,Alone,2014-2015,2014,2015,,1.18555188,,,,305,
Site 2,Ridge,Plot 1,S2R1,Out,59,Alone,2014-2015,2014,2015,4.258245195,3.750501238,1,0,,306,
Site 2,Ridge,Plot 1,S2R1,Out,61,Alone,2014-2015,2014,2015,3.137160051,3.542625159,1,0,,307,
Site 2,Ridge,Plot 1,S2R1,Out,63,Alone,2014-2015,2014,2015,3.734997051,2.620636406,1,0,,308,
Site 2,Ridge,Plot 1,S2R1,Out,68,Alone,2014-2015,2014,2015,2.243342175,1.65555551,1,0,,309,
Site 2,Ridge,Plot 1,S2R1,Out,73,Alone,2014-2015,2014,2015,,1.878699061,,,,310,
Site 2,Ridge,Plot 1,S2R1,Out,81,Alone,2014-2015,2014,2015,2.466485726,1.837877066,1,0,,311,
Site 2,Ridge,Plot 1,S2R1,Out,85,Alone,2014-2015,2014,2015,3.360303602,3.583447153,1,1,31,312,32
Site 2,Ridge,Plot 1,S2R1,Out,86,Alone,2014-2015,2014,2015,4.235772339,,,1,68,313,69
Site 2,Ridge,Plot 1,S2R1,Out,95,Alone,2014-2015,2014,2015,0.857047813,0.451582705,1,0,,314,
Site 2,Ridge,Plot 2,S2R2,In,1,Neighbor,2014-2015,2014,2015,-0.241564475,-0.647029583,1,1,14,315,15
Site 2,Ridge,Plot 2,S2R2,In,4,Neighbor,2014-2015,2014,2015,0.857047813,0.451582705,1,0,,316,
Site 2,Ridge,Plot 2,S2R2,In,7,Neighbor,2014-2015,2014,2015,-2.033323944,-0.934711656,1,0,,317,
Site 2,Ridge,Plot 2,S2R2,In,D New,Neighbor,2014-2015,2014,2015,,,,,,318,
Site 2,Ridge,Plot 2,S2R2,In,8,Neighbor,2014-2015,2014,2015,2.685174927,2.215171298,1,0,,319,
Site 2,Ridge,Plot 2,S2R2,In,12,Neighbor,2014-2015,2014,2015,0.674726257,1.080191365,1,0,,320,
Site 2,Ridge,Plot 2,S2R2,In,14,Neighbor,2014-2015,2014,2015,3.447314979,3.341954463,1,0,,321,
Site 2,Ridge,Plot 2,S2R2,In,17,Neighbor,2014-2015,2014,2015,1.704345674,0.674726257,1,0,,322,
Site 2,Ridge,Plot 2,S2R2,In,26,Neighbor,2014-2015,2014,2015,,1.591016988,,,,323,
Site 2,Ridge,Plot 2,S2R2,Edge,29,Neighbor,2014-2015,2014,2015,,,,,,324,
Site 2,Ridge,Plot 2,S2R2,In,44,Neighbor,2014-2015,2014,2015,,-0.241564475,,,,325,
Site 2,Ridge,Plot 2,S2R2,In,46,Neighbor,2014-2015,2014,2015,2.908318478,3.341954463,1,1,14,326,15
Site 2,Ridge,Plot 2,S2R2,In,48,Neighbor,2014-2015,2014,2015,-1.340176764,-0.647029583,1,0,,327,
Site 2,Ridge,Plot 2,S2R2,In,51,Neighbor,2014-2015,2014,2015,0.674726257,-0.934711656,1,1,20,328,21
Site 2,Ridge,Plot 2,S2R2,In,55,Neighbor,2014-2015,2014,2015,0.163900633,-0.241564475,1,0,,329,
Site 2,Ridge,Plot 2,S2R2,In,58,Neighbor,2014-2015,2014,2015,3.226772209,3.67045853,1,1,35,330,36
Site 2,Ridge,Plot 2,S2R2,In,65,Neighbor,2014-2015,2014,2015,1.591016988,0.046117597,1,0,,331,
Site 2,Ridge,Plot 2,S2R2,In,66,Neighbor,2014-2015,2014,2015,-0.529246548,0.046117597,1,0,,332,
Site 2,Ridge,Plot 2,S2R2,In,67,Neighbor,2014-2015,2014,2015,1.837877066,2.685174927,1,0,,333,
Site 2,Ridge,Plot 2,S2R2,In,72,Neighbor,2014-2015,2014,2015,1.837877066,2.125559139,1,0,,334,
Site 2,Ridge,Plot 2,S2R2,Edge,76,Neighbor,2014-2015,2014,2015,-0.241564475,0.451582705,1,0,,335,
Site 2,Ridge,Plot 2,S2R2,Edge,80,Neighbor,2014-2015,2014,2015,-0.934711656,-1.340176764,1,0,,336,
Site 2,Ridge,Plot 2,S2R2,In,84,Neighbor,2014-2015,2014,2015,2.936489355,2.689629277,1,1,44,337,45
Site 2,Ridge,Plot 2,S2R2,In,87,Neighbor,2014-2015,2014,2015,-0.241564475,-0.241564475,1,0,,338,
Site 2,Ridge,Plot 2,S2R2,Edge,97,Neighbor,2014-2015,2014,2015,1.773338545,1.080191365,1,0,,339,
Site 2,Ridge,Plot 2,S2R2,In,100,Neighbor,2014-2015,2014,2015,1.65555551,1.65555551,1,0,,340,
Site 2,Ridge,Plot 2,S2R2,In,A,Neighbor,2014-2015,2014,2015,1.65555551,,,1,16,341,17
Site 2,Ridge,Plot 2,S2R2,Edge,A2,Neighbor,2014-2015,2014,2015,,-2.726471125,,,,342,
Site 2,Ridge,Plot 2,S2R2,In,B,Neighbor,2014-2015,2014,2015,1.367873437,,,1,27,343,28
Site 2,Ridge,Plot 2,S2R2,In,B2,Neighbor,2014-2015,2014,2015,,-1.340176764,,,,344,
Site 2,Ridge,Plot 2,S2R2,In,C,Neighbor,2014-2015,2014,2015,2.061020618,,,1,21,345,22
Site 2,Ridge,Plot 2,S2R2,Out,105,Alone,2014-2015,2014,2015,1.144729886,0.674726257,1,0,,346,
Site 2,Ridge,Plot 2,S2R2,Out,108,Alone,2014-2015,2014,2015,3.496105143,2.936489355,1,0,,347,
Site 2,Ridge,Plot 2,S2R2,Out,108 part 2,Alone,2014-2015,2014,2015,,,,,,348,
Site 2,Ridge,Plot 2,S2R2,Out,114,Alone,2014-2015,2014,2015,3.264993422,3.565098014,1,0,,349,
Site 2,Ridge,Plot 2,S2R2,Out,124,Alone,2014-2015,2014,2015,3.601465659,3.208423071,1,1,4,350,5
Site 2,Ridge,Plot 2,S2R2,Out,127,Alone,2014-2015,2014,2015,0.739264778,0.857047813,1,0,,351,
Site 2,Ridge,Plot 2,S2R2,Out,132,Alone,2014-2015,2014,2015,-1.340176764,-2.033323944,1,0,,352,
Site 2,Ridge,Plot 2,S2R2,Out,152,Alone,2014-2015,2014,2015,,1.367873437,,,,353,
Site 2,Ridge,Plot 2,S2R2,Out,158,Alone,2014-2015,2014,2015,3.852780087,2.685174927,1,0,,354,
Site 2,Ridge,Plot 2,S2R2,Out,159,Alone,2014-2015,2014,2015,3.565098014,3.026101514,1,0,,355,
Site 2,Ridge,Plot 2,S2R2,Out,169,Alone,2014-2015,2014,2015,2.243342175,2.936489355,1,0,,356,
Site 2,Ridge,Plot 2,S2R2,Out,171,Alone,2014-2015,2014,2015,4.071469288,3.997361316,1,1,97,357,98
Site 2,Ridge,Plot 2,S2R2,Out,176,Alone,2014-2015,2014,2015,3.917318608,3.719248694,1,1,70,358,71
Site 2,Ridge,Plot 2,S2R2,Out,189,Alone,2014-2015,2014,2015,-1.340176764,-2.033323944,1,0,,359,
Site 2,West,Plot 1,S2W1,In,11,Neighbor,2014-2015,2014,2015,2.397492854,3.91991939,1,1,29,360,30
Site 2,West,Plot 1,S2W1,In,18,Neighbor,2014-2015,2014,2015,0.451582705,-0.934711656,1,0,,361,
Site 2,West,Plot 1,S2W1,In,22,Neighbor,2014-2015,2014,2015,4.006930767,4.006930767,1,1,12,362,13
Site 2,West,Plot 1,S2W1,Edge,31,Neighbor,2014-2015,2014,2015,3.467934266,3.478086638,1,0,,363,
Site 2,West,Plot 1,S2W1,In,32,Neighbor,2014-2015,2014,2015,4.545927268,3.090640035,1,1,14,364,15
Site 2,West,Plot 1,S2W1,Edge,35,Neighbor,2014-2015,2014,2015,4.338287903,4.545927268,1,1,88,365,89
Site 2,West,Plot 1,S2W1,Out,41,Alone,2014-2015,2014,2015,,4.035101644,,,,366,
Site 2,West,Plot 1,S2W1,Edge,47,Neighbor,2014-2015,2014,2015,3.459737499,3.447314979,1,1,30,367,31
Site 2,West,Plot 1,S2W1,In,50,Neighbor,2014-2015,2014,2015,,0.163900633,,,,368,
Site 2,West,Plot 1,S2W1,Edge,54,Neighbor,2014-2015,2014,2015,4.476934396,2.51527589,1,1,28,369,29
Site 2,West,Plot 1,S2W1,Edge,60,Neighbor,2014-2015,2014,2015,0.962408329,2.34870269,1,1,10,370,11
Site 2,West,Plot 1,S2W1,Out,82,Alone,2014-2015,2014,2015,2.754167798,0.046117597,1,1,27,371,28
Site 2,West,Plot 1,S2W1,In,89,Neighbor,2014-2015,2014,2015,-0.934711656,,,0,,372,
Site 2,West,Plot 1,S2W1,Edge,93,Neighbor,2014-2015,2014,2015,4.594717432,5.279896443,1,1,30,373,31
Site 2,West,Plot 1,S2W1,In,98,Neighbor,2014-2015,2014,2015,0.857047813,0.046117597,1,0,,374,
Site 2,West,Plot 1,S2W1,In,A,Neighbor,2014-2015,2014,2015,,,,,,375,
Site 2,West,Plot 1,S2W1,In,B,Neighbor,2014-2015,2014,2015,,-2.033323944,,,,376,
Site 2,West,Plot 1,S2W1,In,C,Neighbor,2014-2015,2014,2015,,-2.726471125,,,,377,
Site 2,West,Plot 1,S2W1,In,D,Neighbor,2014-2015,2014,2015,,-4.805912667,,,,378,
Site 2,West,Plot 1,S2W1,Edge,E,Neighbor,2014-2015,2014,2015,,-4.805912667,,,,379,
Site 2,West,Plot 1,S2W1,In,F,Neighbor,2014-2015,2014,2015,,-4.805912667,,,,380,
Site 2,West,Plot 1,S2W1,In,G,Neighbor,2014-2015,2014,2015,,-0.647029583,,,,381,
Site 2,West,Plot 1,S2W1,In,H,Neighbor,2014-2015,2014,2015,,-0.647029583,,,,382,
Site 2,West,Plot 1,S2W1,In,I,Neighbor,2014-2015,2014,2015,,-0.647029583,,,,383,
Site 2,West,Plot 1,S2W1,In,J,Neighbor,2014-2015,2014,2015,,-4.805912667,,,,384,
Site 2,West,Plot 1,S2W1,Out,K,Alone,2014-2015,2014,2015,,-0.647029583,,,,385,
Site 2,West,Plot 1,S2W1,In,L,Neighbor,2014-2015,2014,2015,,-0.647029583,,,,386,
Site 2,West,Plot 1,S2W1,In,M,Neighbor,2014-2015,2014,2015,,-0.647029583,,,,387,
Site 2,West,Plot 1,S2W1,Edge,N,Neighbor,2014-2015,2014,2015,,-0.647029583,,,,388,
Site 2,West,Plot 1,S2W1,In,O,Neighbor,2014-2015,2014,2015,,,,,,389,
Site 2,West,Plot 1,S2W1,In,P,Neighbor,2014-2015,2014,2015,,,,,,390,
Site 2,West,Plot 1,S2W1,Out,6,Alone,2014-2015,2014,2015,1.878699061,2.620636406,1,0,,391,
Site 2,West,Plot 1,S2W1,Out,20,Alone,2014-2015,2014,2015,-2.033323944,-2.033323944,1,0,,392,
Site 2,West,Plot 1,S2W1,Out,25,Alone,2014-2015,2014,2015,1.367873437,2.215171298,1,0,,393,
Site 2,West,Plot 1,S2W1,Out,43,Alone,2014-2015,2014,2015,1.367873437,2.061020618,1,0,,394,
Site 2,West,Plot 1,S2W1,Out,49,Alone,2014-2015,2014,2015,4.055720931,2.34870269,1,1,0,395,1
Site 2,West,Plot 1,S2W1,Out,64,Alone,2014-2015,2014,2015,4.882399504,4.545927268,1,1,0,396,1
Site 2,West,Plot 1,S2W1,Out,70,Alone,2014-2015,2014,2015,-0.241564475,0.163900633,1,0,,397,
Site 2,West,Plot 1,S2W1,Out,74,Alone,2014-2015,2014,2015,-1.340176764,-2.726471125,1,0,,398,
Site 2,West,Plot 1,S2W1,Out,91,Alone,2014-2015,2014,2015,3.527357687,3.447314979,1,1,0,399,1
Site 2,West,Plot 1,S2W1,Out,151,Alone,2014-2015,2014,2015,3.467934266,3.783787215,1,0,,400,
Site 2,West,Plot 1,S2W1,Out,160,Alone,2014-2015,2014,2015,1.550194994,2.243342175,1,0,,401,
Site 2,West,Plot 1,S2W1,Out,168,Alone,2014-2015,2014,2015,-0.934711656,0.163900633,1,0,,402,
Site 2,West,Plot 1,S2W1,Out,184,Alone,2014-2015,2014,2015,5.019397105,4.355237461,1,1,116,403,117
Site 2,West,Plot 1,S2W1,Out,193,Alone,2014-2015,2014,2015,4.258245195,4.089168865,1,1,29,404,30
Site 2,West,Plot 2,S2W2,In,106,Neighbor,2014-2015,2014,2015,3.948090267,3.917318608,1,1,16,405,17
Site 2,West,Plot 2,S2W2,Neighbor,121,Neighbor,2014-2015,2014,2015,3.208423071,3.208423071,1,1,40,406,41
Site 2,West,Plot 2,S2W2,In,128,Neighbor,2014-2015,2014,2015,3.917318608,3.341954463,1,1,5,407,6
Site 2,West,Plot 2,S2W2,Neighbor,149,Neighbor,2014-2015,2014,2015,3.341954463,1.992027746,1,0,,408,
Site 2,West,Plot 2,S2W2,Neighbor,166,Neighbor,2014-2015,2014,2015,3.629636536,3.901570251,1,1,127,409,128
Site 2,West,Plot 2,S2W2,In,178,Neighbor,2014-2015,2014,2015,5.421396005,4.700077947,1,0,,410,
Site 2,West,Plot 2,S2W2,Edge,179,Neighbor,2014-2015,2014,2015,5.133713932,4.83360934,1,1,19,411,20
Site 2,West,Plot 2,S2W2,In,181,Neighbor,2014-2015,2014,2015,4.035101644,2.908318478,1,1,11,412,12
Site 2,West,Plot 2,S2W2,In,X,Neighbor,2014-2015,2014,2015,,,,,,413,
Site 2,West,Plot 2,S2W2,In,Y,Neighbor,2014-2015,2014,2015,,,,,,414,
Site 2,West,Plot 2,S2W2,Out,101,Alone,2014-2015,2014,2015,1.591016988,1.550194994,1,0,,415,
Site 2,West,Plot 2,S2W2,Out,111,Alone,2014-2015,2014,2015,1.367873437,0.962408329,1,0,,416,
Site 2,West,Plot 2,S2W2,Out,122,Alone,2014-2015,2014,2015,2.215171298,1.927489225,1,1,5,417,6
Site 2,West,Plot 2,S2W2,Out,125,Alone,2014-2015,2014,2015,2.571846241,3.041849871,1,1,2,418,3
Site 2,West,Plot 2,S2W2,Out,136,Alone,2014-2015,2014,2015,3.5118535,3.527357687,1,1,30,419,31
Site 2,West,Plot 2,S2W2,Out,137,Alone,2014-2015,2014,2015,2.438314849,2.466485726,1,0,,420,
Site 2,West,Plot 2,S2W2,Out,140,Alone,2014-2015,2014,2015,3.072621529,3.496105143,1,1,24,421,25
Site 2,West,Plot 2,S2W2,Out,182,Alone,2014-2015,2014,2015,0.451582705,1.144729886,1,0,,422,
Site 2,West,Plot 2,S2W2,Out,195,Alone,2014-2015,2014,2015,4.312312416,4.053450782,1,1,3,423,4
Site 2,West,Plot 2,S2W2,In,A,Neighbor,2014-2015,2014,2015,-2.033323944,-2.033323944,1,0,,424,
Site 2,West,Plot 2,S2W2,Edge,B,Neighbor,2014-2015,2014,2015,-2.726471125,-2.726471125,1,0,,425,
Site 2,West,Plot 2,S2W2,In,C,Neighbor,2014-2015,2014,2015,,,,,,426,
Site 2,West,Plot 2,S2W2,In,D,Neighbor,2014-2015,2014,2015,0.046117597,0.046117597,,0,,427,
Site 2,West,Plot 2,S2W2,Edge,E,Neighbor,2014-2015,2014,2015,-0.241564475,-0.241564475,,0,,428,
Site 2,West,Plot 2,S2W2,In,F,Neighbor,2014-2015,2014,2015,-2.726471125,-2.726471125,,0,,429,
Site 2,West,Plot 2,S2W2,Out,G,Alone,2014-2015,2014,2015,-2.726471125,-2.726471125,1,0,,430,
Site 4,Ridge,Plot 0,S4R0,Edge,6,Neighbor,2014-2015,2014,2015,3.747419571,3.496105143,1,0,,431,
Site 4,Ridge,Plot 0,S4R0,Edge,12,Neighbor,2014-2015,2014,2015,-0.647029583,-0.647029583,1,0,,432,
Site 4,Ridge,Plot 0,S4R0,In,16,Neighbor,2014-2015,2014,2015,3.660408194,3.254943086,1,0,,433,
Site 4,Ridge,Plot 0,S4R0,In,20,Neighbor,2014-2015,2014,2015,1.367873437,1.704345674,1,0,,434,
Site 4,Ridge,Plot 0,S4R0,Edge,22,Neighbor,2014-2015,2014,2015,4.258245195,4.507706055,1,1,10,435,11
Site 4,Ridge,Plot 0,S4R0,Out,29,Alone,2014-2015,2014,2015,,-1.340176764,,,,436,
Site 4,Ridge,Plot 0,S4R0,Out,48,Alone,2014-2015,2014,2015,2.794989793,1.878699061,1,1,20,437,21
Site 4,Ridge,Plot 0,S4R0,In,62,Neighbor,2014-2015,2014,2015,3.496105143,3.563244446,1,0,,438,
Site 4,Ridge,Plot 0,S4R0,Edge,72,Neighbor,2014-2015,2014,2015,4.322783716,3.159632906,1,1,5,439,6
Site 4,Ridge,Plot 0,S4R0,In,73,Neighbor,2014-2015,2014,2015,1.992027746,1.927489225,1,0,,440,
Site 4,Ridge,Plot 0,S4R0,In,81,Neighbor,2014-2015,2014,2015,2.908318478,2.571846241,1,0,,441,
Site 4,Ridge,Plot 0,S4R0,Edge,90,Neighbor,2014-2015,2014,2015,1.837877066,1.080191365,1,0,,442,
Site 4,Ridge,Plot 0,S4R0,In,100,Neighbor,2014-2015,2014,2015,0.046117597,1.144729886,1,0,,443,
Site 4,Ridge,Plot 0,S4R0,In,9,Neighbor,2014-2015,2014,2015,3.583447153,4.148760962,1,0,,444,
Site 4,Ridge,Plot 0,S4R0,Out,60,Alone,2014-2015,2014,2015,,3.893602081,,,,445,
Site 4,Ridge,Plot 0,S4R0,In,61,Neighbor,2014-2015,2014,2015,0.569365741,0.857047813,1,0,,446,
Site 4,Ridge,Plot 0,S4R0,Out,66,Alone,2014-2015,2014,2015,1.080191365,1.367873437,1,0,,447,
Site 4,Ridge,Plot 0,S4R0,Out,69,Alone,2014-2015,2014,2015,-0.241564475,0.739264778,1,0,,448,
Site 4,Ridge,Plot 0,S4R0,Out,82,Alone,2014-2015,2014,2015,,,,,,449,
Site 4,Ridge,Plot 0,S4R0,Out,85,Alone,2014-2015,2014,2015,2.215171298,1.837877066,1,1,15,450,16
Site 4,Ridge,Plot 0,S4R0,In,91,Neighbor,2014-2015,2014,2015,-0.934711656,-0.647029583,1,0,,451,
Site 4,Ridge,Plot 0,S4R0,Out,95,Alone,2014-2015,2014,2015,3.845811418,3.447314979,1,1,0,452,1
Site 4,Ridge,Plot 1,S4R1,Out,8,Alone,2014-2015,2014,2015,0.163900633,0.163900633,1,0,,453,
Site 4,Ridge,Plot 1,S4R1,In,18,Neighbor,2014-2015,2014,2015,4.256391626,3.527357687,1,1,24,454,25
Site 4,Ridge,Plot 1,S4R1,Edge,21,Neighbor,2014-2015,2014,2015,,2.215171298,,,,455,
Site 4,Ridge,Plot 1,S4R1,Edge,23,Neighbor,2014-2015,2014,2015,,1.591016988,,,,456,
Site 4,Ridge,Plot 1,S4R1,In,34,Neighbor,2014-2015,2014,2015,2.802957962,2.571846241,1,0,,457,
Site 4,Ridge,Plot 1,S4R1,In,36,Neighbor,2014-2015,2014,2015,1.367873437,-0.241564475,1,0,,458,
Site 4,Ridge,Plot 1,S4R1,In,38,Neighbor,2014-2015,2014,2015,-2.726471125,,0,0,,459,
Site 4,Ridge,Plot 1,S4R1,In,40,Neighbor,2014-2015,2014,2015,2.591648869,,,1,20,460,21
Site 4,Ridge,Plot 1,S4R1,Neighbor,51,Neighbor,2014-2015,2014,2015,4.006930767,3.91991939,1,1,63,461,64
Site 4,Ridge,Plot 1,S4R1,Out,2,Alone,2014-2015,2014,2015,3.041849871,2.571846241,1,0,,462,
Site 4,Ridge,Plot 1,S4R1,Out,15,Alone,2014-2015,2014,2015,3.719248694,4.507706055,1,0,,463,
Site 4,Ridge,Plot 1,S4R1,Out,42,Alone,2014-2015,2014,2015,2.97731135,2.531024247,1,0,,464,
Site 4,Ridge,Plot 1,S4R1,In,45,Neighbor,2014-2015,2014,2015,5.239074448,4.974276669,1,1,24,465,25
Site 4,Ridge,Plot 1,S4R1,Neighbor,47,Neighbor,2014-2015,2014,2015,4.006930767,3.76576871,1,1,118,466,119
Site 4,Ridge,Plot 1,S4R1,Out,50,Alone,2014-2015,2014,2015,2.34870269,2.397492854,1,0,,467,
Site 4,Ridge,Plot 1,S4R1,Out,52,Alone,2014-2015,2014,2015,2.754167798,,,1,5,468,6
Site 4,Ridge,Plot 1,S4R1,Out,65,Alone,2014-2015,2014,2015,4.189252324,3.76576871,1,1,28,469,29
Site 4,Ridge,Plot 1,S4R1,Edge,67,Neighbor,2014-2015,2014,2015,3.341954463,2.571846241,1,1,29,470,30
Site 4,Ridge,Plot 1,S4R1,Out,84,Alone,2014-2015,2014,2015,1.144729886,1.550194994,1,0,,471,
Site 4,Ridge,Plot 1,S4R1,Out,97,Alone,2014-2015,2014,2015,1.144729886,1.65555551,1,0,,472,
Site 4,Ridge,Plot 1,S4R1,Out,98,Alone,2014-2015,2014,2015,2.648807283,2.531024247,1,0,,473,
Site 4,Ridge,Plot 2,S4R2,In,13,Neighbor,2014-2015,2014,2015,4.376028231,4.780120655,1,1,32,474,33
Site 4,Ridge,Plot 2,S4R2,In,24,Neighbor,2014-2015,2014,2015,0.163900633,0.163900633,1,0,,475,
Site 4,Ridge,Plot 2,S4R2,In,27,Neighbor,2014-2015,2014,2015,3.91991939,3.159632906,1,1,42,476,43
Site 4,Ridge,Plot 2,S4R2,Out,28,Alone,2014-2015,2014,2015,-1.340176764,-1.340176764,1,0,,477,
Site 4,Ridge,Plot 2,S4R2,In,43,Neighbor,2014-2015,2014,2015,1.144729886,,,0,,478,
Site 4,Ridge,Plot 2,S4R2,Out,49,Alone,2014-2015,2014,2015,0.857047813,0.451582705,1,0,,479,
Site 4,Ridge,Plot 2,S4R2,In,74,Neighbor,2014-2015,2014,2015,1.080191365,1.591016988,1,0,,480,
Site 4,Ridge,Plot 2,S4R2,Neighbor,83,Neighbor,2014-2015,2014,2015,2.34870269,1.837877066,1,0,,481,
Site 4,Ridge,Plot 2,S4R2,Out,87,Alone,2014-2015,2014,2015,3.409093766,3.026101514,1,0,,482,
Site 4,Ridge,Plot 2,S4R2,In,88,Neighbor,2014-2015,2014,2015,1.992027746,,,1,0,483,1
Site 4,Ridge,Plot 2,S4R2,In,89,Neighbor,2014-2015,2014,2015,-0.241564475,0.451582705,1,0,,484,
Site 4,Ridge,Plot 2,S4R2,Out,93,Alone,2014-2015,2014,2015,2.571846241,2.871950834,1,0,,485,
Site 4,Ridge,Plot 2,S4R2,Out,A,Alone,2014-2015,2014,2015,1.367873437,1.367873437,1,0,,486,
Site 4,Ridge,Plot 2,S4R2,Out,B,Alone,2014-2015,2014,2015,0.163900633,0.451582705,1,0,,487,
Site 4,Ridge,Plot 3,S4R3,Out,3,Alone,2014-2015,2014,2015,2.551643534,2.571846241,1,1,3,488,4
Site 4,Ridge,Plot 3,S4R3,Out,17,Alone,2014-2015,2014,2015,2.215171298,2.284164169,1,0,,489,
Site 4,Ridge,Plot 3,S4R3,Out,35,Alone,2014-2015,2014,2015,3.783787215,3.783787215,1,1,3,490,4
Site 2,Ridge,Plot 1,S2R1,In,2,Neighbor,2015-2016,2015,2016,2.802957962,,,1,5,491,6
Site 2,Ridge,Plot 1,S2R1,In,3,Neighbor,2015-2016,2015,2016,2.061020618,,,0,,492,
Site 2,Ridge,Plot 1,S2R1,In,5,Neighbor,2015-2016,2015,2016,4.055720931,,,1,107,493,108
Site 2,Ridge,Plot 1,S2R1,Edge,9,Neighbor,2015-2016,2015,2016,1.704345674,,,0,,494,
Site 2,Ridge,Plot 1,S2R1,Edge,10,Neighbor,2015-2016,2015,2016,2.531024247,,,0,,495,
Site 2,Ridge,Plot 1,S2R1,In,13,Neighbor,2015-2016,2015,2016,0.451582705,,,0,,496,
Site 2,Ridge,Plot 1,S2R1,In,16,Neighbor,2015-2016,2015,2016,1.080191365,,,1,8,497,9
Site 2,Ridge,Plot 1,S2R1,In,19,Neighbor,2015-2016,2015,2016,,,,,,498,
Site 2,Ridge,Plot 1,S2R1,In,24,Neighbor,2015-2016,2015,2016,,,,,,499,
Site 2,Ridge,Plot 1,S2R1,In,27,Neighbor,2015-2016,2015,2016,2.957108642,,,0,,500,
Site 2,Ridge,Plot 1,S2R1,In,36,Neighbor,2015-2016,2015,2016,1.144729886,,,0,,501,
Site 2,Ridge,Plot 1,S2R1,In,37,Neighbor,2015-2016,2015,2016,2.908318478,,,1,1,502,2
Site 2,Ridge,Plot 1,S2R1,In,40,Neighbor,2015-2016,2015,2016,2.061020618,,,0,,503,
Site 2,Ridge,Plot 1,S2R1,Edge,52,Neighbor,2015-2016,2015,2016,,,,,,504,
Site 2,Ridge,Plot 1,S2R1,Neighbor,53,Neighbor,2015-2016,2015,2016,2.215171298,1.992027746,1,1,6,505,7
Site 2,Ridge,Plot 1,S2R1,In,56,Neighbor,2015-2016,2015,2016,4.610465789,3.601465659,1,1,54,506,55
Site 2,Ridge,Plot 1,S2R1,Neighbor,62,Neighbor,2015-2016,2015,2016,2.689629277,3.159632906,1,1,75,507,76
Site 2,Ridge,Plot 1,S2R1,In,69,Neighbor,2015-2016,2015,2016,,,,,,508,
Site 2,Ridge,Plot 1,S2R1,In,71,Neighbor,2015-2016,2015,2016,4.376028231,,,1,29,509,30
Site 2,Ridge,Plot 1,S2R1,In,75,Neighbor,2015-2016,2015,2016,-0.241564475,0.163900633,1,0,,510,
Site 2,Ridge,Plot 1,S2R1,Out,77,Alone,2015-2016,2015,2016,2.101842612,1.837877066,1,0,,511,
Site 2,Ridge,Plot 1,S2R1,In,78,Neighbor,2015-2016,2015,2016,,,,,,512,
Site 2,Ridge,Plot 1,S2R1,In,79,Neighbor,2015-2016,2015,2016,1.367873437,,,0,,513,
Site 2,Ridge,Plot 1,S2R1,In,83,Neighbor,2015-2016,2015,2016,2.215171298,,,1,20,514,21
Site 2,Ridge,Plot 1,S2R1,In,88,Neighbor,2015-2016,2015,2016,,,,,,515,
Site 2,Ridge,Plot 1,S2R1,In,92,Neighbor,2015-2016,2015,2016,,,,,,516,
Site 2,Ridge,Plot 1,S2R1,In,94,Neighbor,2015-2016,2015,2016,2.061020618,,,1,16,517,17
Site 2,Ridge,Plot 1,S2R1,In,96,Neighbor,2015-2016,2015,2016,1.837877066,,,1,30,518,31
Site 2,Ridge,Plot 1,S2R1,In,99,Neighbor,2015-2016,2015,2016,2.061020618,,,0,,519,
Site 2,Ridge,Plot 1,S2R1,In,A,Neighbor,2015-2016,2015,2016,,,,,,520,
Site 2,Ridge,Plot 1,S2R1,In,B,Neighbor,2015-2016,2015,2016,,,,,,521,
Site 2,Ridge,Plot 1,S2R1,In,C,Neighbor,2015-2016,2015,2016,,,,,,522,
Site 2,Ridge,Plot 1,S2R1,Edge,D,Neighbor,2015-2016,2015,2016,,,,,,523,
Site 2,Ridge,Plot 1,S2R1,Edge,E,Neighbor,2015-2016,2015,2016,,,,,,524,
Site 2,Ridge,Plot 1,S2R1,In,F,Neighbor,2015-2016,2015,2016,,,,,,525,
Site 2,Ridge,Plot 1,S2R1,In,G,Neighbor,2015-2016,2015,2016,-0.934711656,,,0,,526,
Site 2,Ridge,Plot 1,S2R1,In,H,Neighbor,2015-2016,2015,2016,,,,,,527,
Site 2,Ridge,Plot 1,S2R1,In,I,Neighbor,2015-2016,2015,2016,-0.018420924,,,0,,528,
Site 2,Ridge,Plot 1,S2R1,In,J,Neighbor,2015-2016,2015,2016,1.65555551,,,1,21,529,22
Site 2,Ridge,Plot 1,S2R1,In,K,Neighbor,2015-2016,2015,2016,,,,,,530,
Site 2,Ridge,Plot 1,S2R1,In,L,Neighbor,2015-2016,2015,2016,,,,,,531,
Site 2,Ridge,Plot 1,S2R1,In,M,Neighbor,2015-2016,2015,2016,,,,,,532,
Site 2,Ridge,Plot 1,S2R1,In,N,Neighbor,2015-2016,2015,2016,,,,,,533,
Site 2,Ridge,Plot 1,S2R1,In,O,Neighbor,2015-2016,2015,2016,,,,,,534,
Site 2,Ridge,Plot 1,S2R1,In,R,Neighbor,2015-2016,2015,2016,,,,,,535,
Site 2,Ridge,Plot 1,S2R1,In,S,Neighbor,2015-2016,2015,2016,,,,,,536,
Site 2,Ridge,Plot 1,S2R1,In,T,Neighbor,2015-2016,2015,2016,,,,,,537,
Site 2,Ridge,Plot 1,S2R1,In,U,Neighbor,2015-2016,2015,2016,,,,,,538,
Site 2,Ridge,Plot 1,S2R1,Out,2,Alone,2015-2016,2015,2016,,,,,,539,
Site 2,Ridge,Plot 1,S2R1,Out,15,Alone,2015-2016,2015,2016,2.551643534,2.397492854,1,1,6,540,7
Site 2,Ridge,Plot 1,S2R1,Out,21,Alone,2015-2016,2015,2016,,,,,,541,
Site 2,Ridge,Plot 1,S2R1,Out,28,Alone,2015-2016,2015,2016,4.171233818,3.932822795,1,1,65,542,66
Site 2,Ridge,Plot 1,S2R1,Out,30,Alone,2015-2016,2015,2016,1.837877066,1.837877066,1,0,,543,
Site 2,Ridge,Plot 1,S2R1,Out,33,Alone,2015-2016,2015,2016,1.144729886,1.432411958,1,1,19,544,20
Site 2,Ridge,Plot 1,S2R1,Out,34,Alone,2015-2016,2015,2016,0.451582705,,0,1,10,545,11
Site 2,Ridge,Plot 1,S2R1,Out,38,Alone,2015-2016,2015,2016,1.080191365,0.857047813,1,0,,546,
Site 2,Ridge,Plot 1,S2R1,Out,39,Alone,2015-2016,2015,2016,1.65555551,1.144729886,1,0,,547,
Site 2,Ridge,Plot 1,S2R1,Out,42,Alone,2015-2016,2015,2016,2.215171298,2.243342175,1,1,12,548,13
Site 2,Ridge,Plot 1,S2R1,Out,44,Alone,2015-2016,2015,2016,1.367873437,,,1,28,549,29
Site 2,Ridge,Plot 1,S2R1,Out,57,Alone,2015-2016,2015,2016,1.18555188,1.367873437,1,0,,550,
Site 2,Ridge,Plot 1,S2R1,Out,59,Alone,2015-2016,2015,2016,3.750501238,4.006930767,1,1,63,551,64
Site 2,Ridge,Plot 1,S2R1,Out,61,Alone,2015-2016,2015,2016,3.542625159,2.908318478,1,1,21,552,22
Site 2,Ridge,Plot 1,S2R1,Out,63,Alone,2015-2016,2015,2016,2.620636406,2.754167798,1,1,44,553,45
Site 2,Ridge,Plot 1,S2R1,Out,68,Alone,2015-2016,2015,2016,1.65555551,0.857047813,1,0,,554,
Site 2,Ridge,Plot 1,S2R1,Out,73,Alone,2015-2016,2015,2016,1.878699061,,0,0,,555,
Site 2,Ridge,Plot 1,S2R1,Out,81,Alone,2015-2016,2015,2016,1.837877066,1.704345674,1,1,22,556,23
Site 2,Ridge,Plot 1,S2R1,Out,85,Alone,2015-2016,2015,2016,3.583447153,2.871950834,1,1,45,557,46
Site 2,Ridge,Plot 1,S2R1,Out,86,Alone,2015-2016,2015,2016,,,,,,558,
Site 2,Ridge,Plot 1,S2R1,Out,95,Alone,2015-2016,2015,2016,0.451582705,0.857047813,1,0,,559,
Site 2,Ridge,Plot 2,S2R2,In,1,Neighbor,2015-2016,2015,2016,-0.647029583,,,0,,560,
Site 2,Ridge,Plot 2,S2R2,In,4,Neighbor,2015-2016,2015,2016,0.451582705,0.857047813,1,0,,561,
Site 2,Ridge,Plot 2,S2R2,In,7,Neighbor,2015-2016,2015,2016,-0.934711656,-0.647029583,1,0,,562,
Site 2,Ridge,Plot 2,S2R2,In,D New,Neighbor,2015-2016,2015,2016,,,,,,563,
Site 2,Ridge,Plot 2,S2R2,In,8,Neighbor,2015-2016,2015,2016,2.215171298,1.773338545,1,0,,564,
Site 2,Ridge,Plot 2,S2R2,In,12,Neighbor,2015-2016,2015,2016,1.080191365,0.857047813,1,0,,565,
Site 2,Ridge,Plot 2,S2R2,In,14,Neighbor,2015-2016,2015,2016,3.341954463,2.908318478,1,1,19,566,20
Site 2,Ridge,Plot 2,S2R2,In,17,Neighbor,2015-2016,2015,2016,0.674726257,,,0,,567,
Site 2,Ridge,Plot 2,S2R2,In,26,Neighbor,2015-2016,2015,2016,1.591016988,1.080191365,1,0,,568,
Site 2,Ridge,Plot 2,S2R2,Edge,29,Neighbor,2015-2016,2015,2016,,,,,,569,
Site 2,Ridge,Plot 2,S2R2,In,44,Neighbor,2015-2016,2015,2016,-0.241564475,,,0,,570,
Site 2,Ridge,Plot 2,S2R2,In,46,Neighbor,2015-2016,2015,2016,3.341954463,,,0,,571,
Site 2,Ridge,Plot 2,S2R2,In,48,Neighbor,2015-2016,2015,2016,-0.647029583,0.163900633,1,0,,572,
Site 2,Ridge,Plot 2,S2R2,In,51,Neighbor,2015-2016,2015,2016,-0.934711656,,0,0,,573,
Site 2,Ridge,Plot 2,S2R2,In,55,Neighbor,2015-2016,2015,2016,-0.241564475,-2.033323944,1,0,,574,
Site 2,Ridge,Plot 2,S2R2,In,58,Neighbor,2015-2016,2015,2016,3.67045853,3.224171428,1,1,76,575,77
Site 2,Ridge,Plot 2,S2R2,In,65,Neighbor,2015-2016,2015,2016,0.046117597,1.080191365,1,0,,576,
Site 2,Ridge,Plot 2,S2R2,In,66,Neighbor,2015-2016,2015,2016,0.046117597,,,0,,577,
Site 2,Ridge,Plot 2,S2R2,In,67,Neighbor,2015-2016,2015,2016,2.685174927,2.061020618,1,1,63,578,64
Site 2,Ridge,Plot 2,S2R2,In,72,Neighbor,2015-2016,2015,2016,2.125559139,,,0,,579,
Site 2,Ridge,Plot 2,S2R2,Edge,76,Neighbor,2015-2016,2015,2016,0.451582705,-2.033323944,1,0,,580,
Site 2,Ridge,Plot 2,S2R2,Edge,80,Neighbor,2015-2016,2015,2016,-1.340176764,-1.340176764,1,0,,581,
Site 2,Ridge,Plot 2,S2R2,In,84,Neighbor,2015-2016,2015,2016,2.689629277,2.72884999,1,1,8,582,9
Site 2,Ridge,Plot 2,S2R2,In,87,Neighbor,2015-2016,2015,2016,-0.241564475,0.046117597,1,0,,583,
Site 2,Ridge,Plot 2,S2R2,Edge,97,Neighbor,2015-2016,2015,2016,1.080191365,,,0,,584,
Site 2,Ridge,Plot 2,S2R2,In,100,Neighbor,2015-2016,2015,2016,1.65555551,1.65555551,1,0,,585,
Site 2,Ridge,Plot 2,S2R2,In,A,Neighbor,2015-2016,2015,2016,,,,,,586,
Site 2,Ridge,Plot 2,S2R2,Edge,A2,Neighbor,2015-2016,2015,2016,-2.726471125,,,0,,587,
Site 2,Ridge,Plot 2,S2R2,In,B,Neighbor,2015-2016,2015,2016,,,,,,588,
Site 2,Ridge,Plot 2,S2R2,In,B2,Neighbor,2015-2016,2015,2016,-1.340176764,,,0,,589,
Site 2,Ridge,Plot 2,S2R2,In,C,Neighbor,2015-2016,2015,2016,,,,,,590,
Site 2,Ridge,Plot 2,S2R2,Out,105,Alone,2015-2016,2015,2016,0.674726257,,,0,,591,
Site 2,Ridge,Plot 2,S2R2,Out,108,Alone,2015-2016,2015,2016,2.936489355,0.857047813,1,1,16,592,17
Site 2,Ridge,Plot 2,S2R2,Out,108 part 2,Alone,2015-2016,2015,2016,,0.163900633,1,,,593,
Site 2,Ridge,Plot 2,S2R2,Out,114,Alone,2015-2016,2015,2016,3.565098014,3.264993422,1,1,21,594,22
Site 2,Ridge,Plot 2,S2R2,Out,124,Alone,2015-2016,2015,2016,3.208423071,2.551643534,1,1,10,595,11
Site 2,Ridge,Plot 2,S2R2,Out,127,Alone,2015-2016,2015,2016,0.857047813,1.144729886,1,0,,596,
Site 2,Ridge,Plot 2,S2R2,Out,132,Alone,2015-2016,2015,2016,-2.033323944,-2.033323944,1,0,,597,
Site 2,Ridge,Plot 2,S2R2,Out,152,Alone,2015-2016,2015,2016,1.367873437,1.18555188,1,0,,598,
Site 2,Ridge,Plot 2,S2R2,Out,158,Alone,2015-2016,2015,2016,2.685174927,2.97731135,1,1,8,599,9
Site 2,Ridge,Plot 2,S2R2,Out,159,Alone,2015-2016,2015,2016,3.026101514,,,1,91,600,92
Site 2,Ridge,Plot 2,S2R2,Out,169,Alone,2015-2016,2015,2016,2.936489355,2.648807283,1,1,9,601,10
Site 2,Ridge,Plot 2,S2R2,Out,171,Alone,2015-2016,2015,2016,3.997361316,4.115144351,1,1,23,602,24
Site 2,Ridge,Plot 2,S2R2,Out,176,Alone,2015-2016,2015,2016,3.719248694,,,1,50,603,51
Site 2,Ridge,Plot 2,S2R2,Out,189,Alone,2015-2016,2015,2016,-2.033323944,,,0,,604,
Site 2,West,Plot 1,S2W1,In,11,Neighbor,2015-2016,2015,2016,3.91991939,2.685174927,1,0,,605,
Site 2,West,Plot 1,S2W1,In,18,Neighbor,2015-2016,2015,2016,-0.934711656,-0.241564475,1,0,,606,
Site 2,West,Plot 1,S2W1,In,22,Neighbor,2015-2016,2015,2016,4.006930767,3.382776458,1,0,,607,
Site 2,West,Plot 1,S2W1,Edge,31,Neighbor,2015-2016,2015,2016,3.478086638,2.97731135,1,1,0,608,1
Site 2,West,Plot 1,S2W1,In,32,Neighbor,2015-2016,2015,2016,3.090640035,2.72884999,1,1,0,609,1
Site 2,West,Plot 1,S2W1,Edge,35,Neighbor,2015-2016,2015,2016,4.545927268,4.140462159,1,1,63,610,64
Site 2,West,Plot 1,S2W1,Out,41,Alone,2015-2016,2015,2016,4.035101644,4.476934396,1,1,59,611,60
Site 2,West,Plot 1,S2W1,Edge,47,Neighbor,2015-2016,2015,2016,3.447314979,2.890299973,1,1,8,612,9
Site 2,West,Plot 1,S2W1,In,50,Neighbor,2015-2016,2015,2016,0.163900633,0.451582705,1,0,,613,
Site 2,West,Plot 1,S2W1,Edge,54,Neighbor,2015-2016,2015,2016,2.51527589,1.432411958,1,0,,614,
Site 2,West,Plot 1,S2W1,Edge,60,Neighbor,2015-2016,2015,2016,2.34870269,2.754167798,1,1,10,615,11
Site 2,West,Plot 1,S2W1,Out,82,Alone,2015-2016,2015,2016,0.046117597,0.046117597,1,0,,616,
Site 2,West,Plot 1,S2W1,In,89,Neighbor,2015-2016,2015,2016,,,,,,617,
Site 2,West,Plot 1,S2W1,Edge,93,Neighbor,2015-2016,2015,2016,5.279896443,4.795388127,1,1,10,618,11
Site 2,West,Plot 1,S2W1,In,98,Neighbor,2015-2016,2015,2016,0.046117597,0.451582705,1,0,,619,
Site 2,West,Plot 1,S2W1,In,A,Neighbor,2015-2016,2015,2016,,,,,,620,
Site 2,West,Plot 1,S2W1,In,B,Neighbor,2015-2016,2015,2016,-2.033323944,-1.340176764,1,0,,621,
Site 2,West,Plot 1,S2W1,In,C,Neighbor,2015-2016,2015,2016,-2.726471125,-2.033323944,1,0,,622,
Site 2,West,Plot 1,S2W1,In,D,Neighbor,2015-2016,2015,2016,-4.805912667,-3.419618306,1,0,,623,
Site 2,West,Plot 1,S2W1,Edge,E,Neighbor,2015-2016,2015,2016,-4.805912667,-2.726471125,1,0,,624,
Site 2,West,Plot 1,S2W1,In,F,Neighbor,2015-2016,2015,2016,-4.805912667,-4.805912667,1,0,,625,
Site 2,West,Plot 1,S2W1,In,G,Neighbor,2015-2016,2015,2016,-0.647029583,-0.647029583,1,0,,626,
Site 2,West,Plot 1,S2W1,In,H,Neighbor,2015-2016,2015,2016,-0.647029583,-1.340176764,1,0,,627,
Site 2,West,Plot 1,S2W1,In,I,Neighbor,2015-2016,2015,2016,-0.647029583,-0.647029583,1,0,,628,
Site 2,West,Plot 1,S2W1,In,J,Neighbor,2015-2016,2015,2016,-4.805912667,-3.419618306,1,0,,629,
Site 2,West,Plot 1,S2W1,Out,K,Alone,2015-2016,2015,2016,-0.647029583,-1.340176764,1,0,,630,
Site 2,West,Plot 1,S2W1,In,L,Neighbor,2015-2016,2015,2016,-0.647029583,-1.340176764,1,0,,631,
Site 2,West,Plot 1,S2W1,In,M,Neighbor,2015-2016,2015,2016,-0.647029583,-1.340176764,1,0,,632,
Site 2,West,Plot 1,S2W1,Edge,N,Neighbor,2015-2016,2015,2016,-0.647029583,-2.033323944,1,0,,633,
Site 2,West,Plot 1,S2W1,In,O,Neighbor,2015-2016,2015,2016,,-2.033323944,1,,,634,
Site 2,West,Plot 1,S2W1,In,P,Neighbor,2015-2016,2015,2016,,,,,,635,
Site 2,West,Plot 1,S2W1,Out,6,Alone,2015-2016,2015,2016,2.620636406,2.571846241,1,1,3,636,4
Site 2,West,Plot 1,S2W1,Out,20,Alone,2015-2016,2015,2016,-2.033323944,-2.033323944,1,0,,637,
Site 2,West,Plot 1,S2W1,Out,25,Alone,2015-2016,2015,2016,2.215171298,1.367873437,1,0,,638,
Site 2,West,Plot 1,S2W1,Out,43,Alone,2015-2016,2015,2016,2.061020618,1.65555551,1,0,,639,
Site 2,West,Plot 1,S2W1,Out,49,Alone,2015-2016,2015,2016,2.34870269,3.783787215,1,1,23,640,24
Site 2,West,Plot 1,S2W1,Out,64,Alone,2015-2016,2015,2016,4.545927268,4.594717432,1,1,22,641,23
Site 2,West,Plot 1,S2W1,Out,70,Alone,2015-2016,2015,2016,0.163900633,0.163900633,1,0,,642,
Site 2,West,Plot 1,S2W1,Out,74,Alone,2015-2016,2015,2016,-2.726471125,-1.340176764,1,0,,643,
Site 2,West,Plot 1,S2W1,Out,91,Alone,2015-2016,2015,2016,3.447314979,2.936489355,1,1,0,644,1
Site 2,West,Plot 1,S2W1,Out,151,Alone,2015-2016,2015,2016,3.783787215,3.565098014,1,1,91,645,92
Site 2,West,Plot 1,S2W1,Out,160,Alone,2015-2016,2015,2016,2.243342175,2.061020618,1,0,,646,
Site 2,West,Plot 1,S2W1,Out,168,Alone,2015-2016,2015,2016,0.163900633,-2.033323944,1,0,,647,
Site 2,West,Plot 1,S2W1,Out,184,Alone,2015-2016,2015,2016,4.355237461,4.312312416,1,1,63,648,64
Site 2,West,Plot 1,S2W1,Out,193,Alone,2015-2016,2015,2016,4.089168865,,0,1,74,649,75
Site 2,West,Plot 2,S2W2,In,106,Neighbor,2015-2016,2015,2016,3.917318608,4.205000681,1,0,,650,
Site 2,West,Plot 2,S2W2,Neighbor,121,Neighbor,2015-2016,2015,2016,3.208423071,2.97731135,1,1,10,651,11
Site 2,West,Plot 2,S2W2,In,128,Neighbor,2015-2016,2015,2016,3.341954463,4.035101644,1,0,,652,
Site 2,West,Plot 2,S2W2,Neighbor,149,Neighbor,2015-2016,2015,2016,1.992027746,3.131462029,1,0,,653,
Site 2,West,Plot 2,S2W2,Neighbor,166,Neighbor,2015-2016,2015,2016,3.901570251,4.035101644,1,0,,654,
Site 2,West,Plot 2,S2W2,In,178,Neighbor,2015-2016,2015,2016,4.700077947,4.294612839,1,0,,655,
Site 2,West,Plot 2,S2W2,Edge,179,Neighbor,2015-2016,2015,2016,4.83360934,4.92891952,1,1,80,656,81
Site 2,West,Plot 2,S2W2,In,181,Neighbor,2015-2016,2015,2016,2.908318478,4.140462159,1,0,,657,
Site 2,West,Plot 2,S2W2,In,X,Neighbor,2015-2016,2015,2016,,,,,,658,
Site 2,West,Plot 2,S2W2,In,Y,Neighbor,2015-2016,2015,2016,,,,,,659,
Site 2,West,Plot 2,S2W2,Out,101,Alone,2015-2016,2015,2016,1.550194994,0.857047813,1,1,18,660,19
Site 2,West,Plot 2,S2W2,Out,111,Alone,2015-2016,2015,2016,0.962408329,1.080191365,1,0,,661,
Site 2,West,Plot 2,S2W2,Out,122,Alone,2015-2016,2015,2016,1.927489225,1.550194994,1,1,2,662,3
Site 2,West,Plot 2,S2W2,Out,125,Alone,2015-2016,2015,2016,3.041849871,1.080191365,1,1,4,663,5
Site 2,West,Plot 2,S2W2,Out,136,Alone,2015-2016,2015,2016,3.527357687,3.747419571,1,1,17,664,18
Site 2,West,Plot 2,S2W2,Out,137,Alone,2015-2016,2015,2016,2.466485726,2.802957962,1,1,18,665,19
Site 2,West,Plot 2,S2W2,Out,140,Alone,2015-2016,2015,2016,3.496105143,3.542625159,1,1,10,666,11
Site 2,West,Plot 2,S2W2,Out,182,Alone,2015-2016,2015,2016,1.144729886,1.144729886,1,0,,667,
Site 2,West,Plot 2,S2W2,Out,195,Alone,2015-2016,2015,2016,4.053450782,4.053450782,,1,24,668,25
Site 2,West,Plot 2,S2W2,In,A,Neighbor,2015-2016,2015,2016,-2.033323944,-2.033323944,1,0,,669,
Site 2,West,Plot 2,S2W2,Edge,B,Neighbor,2015-2016,2015,2016,-2.726471125,-2.726471125,1,0,,670,
Site 2,West,Plot 2,S2W2,In,C,Neighbor,2015-2016,2015,2016,,,0,,,671,
Site 2,West,Plot 2,S2W2,In,D,Neighbor,2015-2016,2015,2016,0.046117597,-0.241564475,1,0,,672,
Site 2,West,Plot 2,S2W2,Edge,E,Neighbor,2015-2016,2015,2016,-0.241564475,-0.241564475,1,0,,673,
Site 2,West,Plot 2,S2W2,In,F,Neighbor,2015-2016,2015,2016,-2.726471125,-3.419618306,1,0,,674,
Site 2,West,Plot 2,S2W2,Out,G,Alone,2015-2016,2015,2016,-2.726471125,,0,0,,675,
Site 4,Ridge,Plot 0,S4R0,Edge,6,Neighbor,2015-2016,2015,2016,3.496105143,3.041849871,1,1,30,676,31
Site 4,Ridge,Plot 0,S4R0,Edge,12,Neighbor,2015-2016,2015,2016,-0.647029583,-0.647029583,1,0,,677,
Site 4,Ridge,Plot 0,S4R0,In,16,Neighbor,2015-2016,2015,2016,3.254943086,2.34870269,1,0,,678,
Site 4,Ridge,Plot 0,S4R0,In,20,Neighbor,2015-2016,2015,2016,1.704345674,0.674726257,1,0,,679,
Site 4,Ridge,Plot 0,S4R0,Edge,22,Neighbor,2015-2016,2015,2016,4.507706055,3.393826294,1,0,,680,
Site 4,Ridge,Plot 0,S4R0,Out,29,Alone,2015-2016,2015,2016,-1.340176764,-0.647029583,1,0,,681,
Site 4,Ridge,Plot 0,S4R0,Out,48,Alone,2015-2016,2015,2016,1.878699061,1.704345674,1,1,2,682,3
Site 4,Ridge,Plot 0,S4R0,In,62,Neighbor,2015-2016,2015,2016,3.563244446,2.936489355,1,1,14,683,15
Site 4,Ridge,Plot 0,S4R0,Edge,72,Neighbor,2015-2016,2015,2016,3.159632906,3.254943086,1,1,75,684,76
Site 4,Ridge,Plot 0,S4R0,In,73,Neighbor,2015-2016,2015,2016,1.927489225,2.215171298,1,1,5,685,6
Site 4,Ridge,Plot 0,S4R0,In,81,Neighbor,2015-2016,2015,2016,2.571846241,2.571846241,1,1,12,686,13
Site 4,Ridge,Plot 0,S4R0,Edge,90,Neighbor,2015-2016,2015,2016,1.080191365,1.432411958,1,1,13,687,14
Site 4,Ridge,Plot 0,S4R0,In,100,Neighbor,2015-2016,2015,2016,1.144729886,1.144729886,1,0,,688,
Site 4,Ridge,Plot 0,S4R0,In,9,Neighbor,2015-2016,2015,2016,4.148760962,3.719248694,1,0,,689,
Site 4,Ridge,Plot 0,S4R0,Out,60,Alone,2015-2016,2015,2016,3.893602081,3.378322107,1,0,,690,
Site 4,Ridge,Plot 0,S4R0,In,61,Neighbor,2015-2016,2015,2016,0.857047813,1.144729886,1,0,,691,
Site 4,Ridge,Plot 0,S4R0,Out,66,Alone,2015-2016,2015,2016,1.367873437,0.451582705,1,0,,692,
Site 4,Ridge,Plot 0,S4R0,Out,69,Alone,2015-2016,2015,2016,0.739264778,0.451582705,1,0,,693,
Site 4,Ridge,Plot 0,S4R0,Out,82,Alone,2015-2016,2015,2016,,,,,,694,
Site 4,Ridge,Plot 0,S4R0,Out,85,Alone,2015-2016,2015,2016,1.837877066,2.571846241,1,0,,695,
Site 4,Ridge,Plot 0,S4R0,In,91,Neighbor,2015-2016,2015,2016,-0.647029583,-0.241564475,1,0,,696,
Site 4,Ridge,Plot 0,S4R0,Out,95,Alone,2015-2016,2015,2016,3.447314979,3.478086638,1,1,70,697,71
Site 4,Ridge,Plot 1,S4R1,Out,8,Alone,2015-2016,2015,2016,0.163900633,-0.934711656,1,0,,698,
Site 4,Ridge,Plot 1,S4R1,In,18,Neighbor,2015-2016,2015,2016,3.527357687,4.171233818,1,1,53,699,54
Site 4,Ridge,Plot 1,S4R1,Edge,21,Neighbor,2015-2016,2015,2016,2.215171298,,,0,,700,
Site 4,Ridge,Plot 1,S4R1,Edge,23,Neighbor,2015-2016,2015,2016,1.591016988,2.061020618,1,0,,701,
Site 4,Ridge,Plot 1,S4R1,In,34,Neighbor,2015-2016,2015,2016,2.571846241,1.927489225,1,1,0,702,1
Site 4,Ridge,Plot 1,S4R1,In,36,Neighbor,2015-2016,2015,2016,-0.241564475,,0,0,,703,
Site 4,Ridge,Plot 1,S4R1,In,38,Neighbor,2015-2016,2015,2016,,,,,,704,
Site 4,Ridge,Plot 1,S4R1,In,40,Neighbor,2015-2016,2015,2016,,2.890299973,1,,,705,
Site 4,Ridge,Plot 1,S4R1,Neighbor,51,Neighbor,2015-2016,2015,2016,3.91991939,3.090640035,1,1,2,706,3
Site 4,Ridge,Plot 1,S4R1,Out,2,Alone,2015-2016,2015,2016,2.571846241,2.551643534,1,1,29,707,30
Site 4,Ridge,Plot 1,S4R1,Out,15,Alone,2015-2016,2015,2016,4.507706055,,,1,1,708,2
Site 4,Ridge,Plot 1,S4R1,Out,42,Alone,2015-2016,2015,2016,2.531024247,3.409093766,1,1,35,709,36
Site 4,Ridge,Plot 1,S4R1,In,45,Neighbor,2015-2016,2015,2016,4.974276669,4.269295031,1,1,39,710,40
Site 4,Ridge,Plot 1,S4R1,Neighbor,47,Neighbor,2015-2016,2015,2016,3.76576871,,,1,13,711,14
Site 4,Ridge,Plot 1,S4R1,Out,50,Alone,2015-2016,2015,2016,2.397492854,2.156330798,1,0,,712,
Site 4,Ridge,Plot 1,S4R1,Out,52,Alone,2015-2016,2015,2016,,2.36112521,1,,,713,
Site 4,Ridge,Plot 1,S4R1,Out,65,Alone,2015-2016,2015,2016,3.76576871,4.086973474,1,1,23,714,24
Site 4,Ridge,Plot 1,S4R1,Edge,67,Neighbor,2015-2016,2015,2016,2.571846241,1.992027746,1,0,,715,
Site 4,Ridge,Plot 1,S4R1,Out,84,Alone,2015-2016,2015,2016,1.550194994,0.674726257,1,0,,716,
Site 4,Ridge,Plot 1,S4R1,Out,97,Alone,2015-2016,2015,2016,1.65555551,0.674726257,1,0,,717,
Site 4,Ridge,Plot 1,S4R1,Out,98,Alone,2015-2016,2015,2016,2.531024247,2.215171298,1,0,,718,
Site 4,Ridge,Plot 2,S4R2,In,13,Neighbor,2015-2016,2015,2016,4.780120655,3.783787215,1,1,0,719,1
Site 4,Ridge,Plot 2,S4R2,In,24,Neighbor,2015-2016,2015,2016,0.163900633,-1.340176764,1,0,,720,
Site 4,Ridge,Plot 2,S4R2,In,27,Neighbor,2015-2016,2015,2016,3.159632906,3.747419571,1,0,,721,
Site 4,Ridge,Plot 2,S4R2,Out,28,Alone,2015-2016,2015,2016,-1.340176764,-0.934711656,1,0,,722,
Site 4,Ridge,Plot 2,S4R2,In,43,Neighbor,2015-2016,2015,2016,,,,,,723,
Site 4,Ridge,Plot 2,S4R2,Out,49,Alone,2015-2016,2015,2016,0.451582705,0.857047813,1,0,,724,
Site 4,Ridge,Plot 2,S4R2,In,74,Neighbor,2015-2016,2015,2016,1.591016988,1.144729886,1,0,,725,
Site 4,Ridge,Plot 2,S4R2,Neighbor,83,Neighbor,2015-2016,2015,2016,1.837877066,,0,0,,726,
Site 4,Ridge,Plot 2,S4R2,Out,87,Alone,2015-2016,2015,2016,3.026101514,2.34870269,1,0,,727,
Site 4,Ridge,Plot 2,S4R2,In,88,Neighbor,2015-2016,2015,2016,,,,,,728,
Site 4,Ridge,Plot 2,S4R2,In,89,Neighbor,2015-2016,2015,2016,0.451582705,0.163900633,1,0,,729,
Site 4,Ridge,Plot 2,S4R2,Out,93,Alone,2015-2016,2015,2016,2.871950834,2.571846241,1,0,,730,
Site 4,Ridge,Plot 2,S4R2,Out,A,Alone,2015-2016,2015,2016,1.367873437,1.144729886,1,0,,731,
Site 4,Ridge,Plot 2,S4R2,Out,B,Alone,2015-2016,2015,2016,0.451582705,0.451582705,1,0,,732,
Site 4,Ridge,Plot 3,S4R3,Out,3,Alone,2015-2016,2015,2016,2.571846241,,,0,,733,
Site 4,Ridge,Plot 3,S4R3,Out,17,Alone,2015-2016,2015,2016,2.284164169,,,0,,734,
Site 4,Ridge,Plot 3,S4R3,Out,35,Alone,2015-2016,2015,2016,3.783787215,,,0,,735,
Site 2,Ridge,Plot 1,S2R1,In,2,Neighbor,2016-2017,2016,2017,,,,,,736,
Site 2,Ridge,Plot 1,S2R1,In,3,Neighbor,2016-2017,2016,2017,,,,,,737,
Site 2,Ridge,Plot 1,S2R1,In,5,Neighbor,2016-2017,2016,2017,,,,,,738,
Site 2,Ridge,Plot 1,S2R1,Edge,9,Neighbor,2016-2017,2016,2017,,,,,,739,
Site 2,Ridge,Plot 1,S2R1,Edge,10,Neighbor,2016-2017,2016,2017,,,,,,740,
Site 2,Ridge,Plot 1,S2R1,In,13,Neighbor,2016-2017,2016,2017,,,,,,741,
Site 2,Ridge,Plot 1,S2R1,In,16,Neighbor,2016-2017,2016,2017,,,,,,742,
Site 2,Ridge,Plot 1,S2R1,In,19,Neighbor,2016-2017,2016,2017,,,,,,743,
Site 2,Ridge,Plot 1,S2R1,In,24,Neighbor,2016-2017,2016,2017,,,,,,744,
Site 2,Ridge,Plot 1,S2R1,In,27,Neighbor,2016-2017,2016,2017,,,,,,745,
Site 2,Ridge,Plot 1,S2R1,In,36,Neighbor,2016-2017,2016,2017,,,,,,746,
Site 2,Ridge,Plot 1,S2R1,In,37,Neighbor,2016-2017,2016,2017,,,,,,747,
Site 2,Ridge,Plot 1,S2R1,In,40,Neighbor,2016-2017,2016,2017,,,,,,748,
Site 2,Ridge,Plot 1,S2R1,Edge,52,Neighbor,2016-2017,2016,2017,,,,,,749,
Site 2,Ridge,Plot 1,S2R1,Neighbor,53,Neighbor,2016-2017,2016,2017,1.992027746,1.550194994,1,0,,750,
Site 2,Ridge,Plot 1,S2R1,In,56,Neighbor,2016-2017,2016,2017,3.601465659,4.171233818,1,1,10,751,11
Site 2,Ridge,Plot 1,S2R1,Neighbor,62,Neighbor,2016-2017,2016,2017,3.159632906,2.794989793,1,1,2,752,3
Site 2,Ridge,Plot 1,S2R1,In,69,Neighbor,2016-2017,2016,2017,,,,,,753,
Site 2,Ridge,Plot 1,S2R1,In,71,Neighbor,2016-2017,2016,2017,,,,,,754,
Site 2,Ridge,Plot 1,S2R1,In,75,Neighbor,2016-2017,2016,2017,0.163900633,-1.340176764,1,0,,755,
Site 2,Ridge,Plot 1,S2R1,Out,77,Alone,2016-2017,2016,2017,1.837877066,2.061020618,1,0,,756,
Site 2,Ridge,Plot 1,S2R1,In,78,Neighbor,2016-2017,2016,2017,,,,,,757,
Site 2,Ridge,Plot 1,S2R1,In,79,Neighbor,2016-2017,2016,2017,,,,,,758,
Site 2,Ridge,Plot 1,S2R1,In,83,Neighbor,2016-2017,2016,2017,,,,,,759,
Site 2,Ridge,Plot 1,S2R1,In,88,Neighbor,2016-2017,2016,2017,,,,,,760,
Site 2,Ridge,Plot 1,S2R1,In,92,Neighbor,2016-2017,2016,2017,,,,,,761,
Site 2,Ridge,Plot 1,S2R1,In,94,Neighbor,2016-2017,2016,2017,,,,,,762,
Site 2,Ridge,Plot 1,S2R1,In,96,Neighbor,2016-2017,2016,2017,,,,,,763,
Site 2,Ridge,Plot 1,S2R1,In,99,Neighbor,2016-2017,2016,2017,,,,,,764,
Site 2,Ridge,Plot 1,S2R1,In,A,Neighbor,2016-2017,2016,2017,,,,,,765,
Site 2,Ridge,Plot 1,S2R1,In,B,Neighbor,2016-2017,2016,2017,,,,,,766,
Site 2,Ridge,Plot 1,S2R1,In,C,Neighbor,2016-2017,2016,2017,,,,,,767,
Site 2,Ridge,Plot 1,S2R1,Edge,D,Neighbor,2016-2017,2016,2017,,,,,,768,
Site 2,Ridge,Plot 1,S2R1,Edge,E,Neighbor,2016-2017,2016,2017,,,,,,769,
Site 2,Ridge,Plot 1,S2R1,In,F,Neighbor,2016-2017,2016,2017,,,,,,770,
Site 2,Ridge,Plot 1,S2R1,In,G,Neighbor,2016-2017,2016,2017,,,,,,771,
Site 2,Ridge,Plot 1,S2R1,In,H,Neighbor,2016-2017,2016,2017,,,,,,772,
Site 2,Ridge,Plot 1,S2R1,In,I,Neighbor,2016-2017,2016,2017,,,,,,773,
Site 2,Ridge,Plot 1,S2R1,In,J,Neighbor,2016-2017,2016,2017,,,,,,774,
Site 2,Ridge,Plot 1,S2R1,In,K,Neighbor,2016-2017,2016,2017,,,,,,775,
Site 2,Ridge,Plot 1,S2R1,In,L,Neighbor,2016-2017,2016,2017,,,,,,776,
Site 2,Ridge,Plot 1,S2R1,In,M,Neighbor,2016-2017,2016,2017,,,,,,777,
Site 2,Ridge,Plot 1,S2R1,In,N,Neighbor,2016-2017,2016,2017,,,,,,778,
Site 2,Ridge,Plot 1,S2R1,In,O,Neighbor,2016-2017,2016,2017,,,,,,779,
Site 2,Ridge,Plot 1,S2R1,In,R,Neighbor,2016-2017,2016,2017,,,,,,780,
Site 2,Ridge,Plot 1,S2R1,In,S,Neighbor,2016-2017,2016,2017,,,,,,781,
Site 2,Ridge,Plot 1,S2R1,In,T,Neighbor,2016-2017,2016,2017,,,,,,782,
Site 2,Ridge,Plot 1,S2R1,In,U,Neighbor,2016-2017,2016,2017,,,,,,783,
Site 2,Ridge,Plot 1,S2R1,Out,2,Alone,2016-2017,2016,2017,,,,,,784,
Site 2,Ridge,Plot 1,S2R1,Out,15,Alone,2016-2017,2016,2017,2.397492854,2.215171298,1,1,9,785,10
Site 2,Ridge,Plot 1,S2R1,Out,21,Alone,2016-2017,2016,2017,,,,,,786,
Site 2,Ridge,Plot 1,S2R1,Out,28,Alone,2016-2017,2016,2017,3.932822795,4.075923638,1,1,12,787,13
Site 2,Ridge,Plot 1,S2R1,Out,30,Alone,2016-2017,2016,2017,1.837877066,1.837877066,1,0,,788,
Site 2,Ridge,Plot 1,S2R1,Out,33,Alone,2016-2017,2016,2017,1.432411958,1.65555551,1,0,,789,
Site 2,Ridge,Plot 1,S2R1,Out,34,Alone,2016-2017,2016,2017,,,,,,790,
Site 2,Ridge,Plot 1,S2R1,Out,38,Alone,2016-2017,2016,2017,0.857047813,1.367873437,1,0,,791,
Site 2,Ridge,Plot 1,S2R1,Out,39,Alone,2016-2017,2016,2017,1.144729886,1.837877066,1,0,,792,
Site 2,Ridge,Plot 1,S2R1,Out,42,Alone,2016-2017,2016,2017,2.243342175,,,1,6,793,7
Site 2,Ridge,Plot 1,S2R1,Out,44,Alone,2016-2017,2016,2017,,,,,,794,
Site 2,Ridge,Plot 1,S2R1,Out,57,Alone,2016-2017,2016,2017,1.367873437,1.367873437,1,0,,795,
Site 2,Ridge,Plot 1,S2R1,Out,59,Alone,2016-2017,2016,2017,4.006930767,3.750501238,1,1,2,796,3
Site 2,Ridge,Plot 1,S2R1,Out,61,Alone,2016-2017,2016,2017,2.908318478,3.041849871,1,1,7,797,8
Site 2,Ridge,Plot 1,S2R1,Out,63,Alone,2016-2017,2016,2017,2.754167798,2.97731135,1,1,0,798,1
Site 2,Ridge,Plot 1,S2R1,Out,68,Alone,2016-2017,2016,2017,0.857047813,1.65555551,1,0,,799,
Site 2,Ridge,Plot 1,S2R1,Out,73,Alone,2016-2017,2016,2017,,,,,,800,
Site 2,Ridge,Plot 1,S2R1,Out,81,Alone,2016-2017,2016,2017,1.704345674,1.927489225,1,1,4,801,5
Site 2,Ridge,Plot 1,S2R1,Out,85,Alone,2016-2017,2016,2017,2.871950834,2.802957962,1,1,0,802,1
Site 2,Ridge,Plot 1,S2R1,Out,86,Alone,2016-2017,2016,2017,,,,,,803,
Site 2,Ridge,Plot 1,S2R1,Out,95,Alone,2016-2017,2016,2017,0.857047813,0.451582705,1,0,,804,
Site 2,Ridge,Plot 2,S2R2,In,1,Neighbor,2016-2017,2016,2017,,,,,,805,
Site 2,Ridge,Plot 2,S2R2,In,4,Neighbor,2016-2017,2016,2017,0.857047813,1.432411958,1,0,,806,
Site 2,Ridge,Plot 2,S2R2,In,7,Neighbor,2016-2017,2016,2017,-0.647029583,0.163900633,1,0,,807,
Site 2,Ridge,Plot 2,S2R2,In,D New,Neighbor,2016-2017,2016,2017,,-2.033323944,,,,808,
Site 2,Ridge,Plot 2,S2R2,In,8,Neighbor,2016-2017,2016,2017,1.773338545,1.262512922,1,1,5,809,6
Site 2,Ridge,Plot 2,S2R2,In,12,Neighbor,2016-2017,2016,2017,0.857047813,0.046117597,1,0,,810,
Site 2,Ridge,Plot 2,S2R2,In,14,Neighbor,2016-2017,2016,2017,2.908318478,3.447314979,1,0,,811,
Site 2,Ridge,Plot 2,S2R2,In,17,Neighbor,2016-2017,2016,2017,,,,,,812,
Site 2,Ridge,Plot 2,S2R2,In,26,Neighbor,2016-2017,2016,2017,1.080191365,1.080191365,1,0,,813,
Site 2,Ridge,Plot 2,S2R2,Edge,29,Neighbor,2016-2017,2016,2017,,,,,,814,
Site 2,Ridge,Plot 2,S2R2,In,44,Neighbor,2016-2017,2016,2017,,,,,,815,
Site 2,Ridge,Plot 2,S2R2,In,46,Neighbor,2016-2017,2016,2017,,,,,,816,
Site 2,Ridge,Plot 2,S2R2,In,48,Neighbor,2016-2017,2016,2017,0.163900633,-1.340176764,1,0,,817,
Site 2,Ridge,Plot 2,S2R2,In,51,Neighbor,2016-2017,2016,2017,,,,,,818,
Site 2,Ridge,Plot 2,S2R2,In,55,Neighbor,2016-2017,2016,2017,-2.033323944,-1.340176764,1,0,,819,
Site 2,Ridge,Plot 2,S2R2,In,58,Neighbor,2016-2017,2016,2017,3.224171428,3.137160051,1,1,27,820,28
Site 2,Ridge,Plot 2,S2R2,In,65,Neighbor,2016-2017,2016,2017,1.080191365,0.046117597,1,0,,821,
Site 2,Ridge,Plot 2,S2R2,In,66,Neighbor,2016-2017,2016,2017,,,,,,822,
Site 2,Ridge,Plot 2,S2R2,In,67,Neighbor,2016-2017,2016,2017,2.061020618,1.367873437,1,1,5,823,6
Site 2,Ridge,Plot 2,S2R2,In,72,Neighbor,2016-2017,2016,2017,,,,,,824,
Site 2,Ridge,Plot 2,S2R2,Edge,76,Neighbor,2016-2017,2016,2017,-2.033323944,-1.340176764,1,0,,825,
Site 2,Ridge,Plot 2,S2R2,Edge,80,Neighbor,2016-2017,2016,2017,-1.340176764,0.962408329,1,0,,826,
Site 2,Ridge,Plot 2,S2R2,In,84,Neighbor,2016-2017,2016,2017,2.72884999,2.97731135,1,1,6,827,7
Site 2,Ridge,Plot 2,S2R2,In,87,Neighbor,2016-2017,2016,2017,0.046117597,-0.934711656,1,0,,828,
Site 2,Ridge,Plot 2,S2R2,Edge,97,Neighbor,2016-2017,2016,2017,,,,,,829,
Site 2,Ridge,Plot 2,S2R2,In,100,Neighbor,2016-2017,2016,2017,1.65555551,1.837877066,1,1,0,830,1
Site 2,Ridge,Plot 2,S2R2,In,A,Neighbor,2016-2017,2016,2017,,,,,,831,
Site 2,Ridge,Plot 2,S2R2,Edge,A2,Neighbor,2016-2017,2016,2017,,,,,,832,
Site 2,Ridge,Plot 2,S2R2,In,B,Neighbor,2016-2017,2016,2017,,,,,,833,
Site 2,Ridge,Plot 2,S2R2,In,B2,Neighbor,2016-2017,2016,2017,,,,,,834,
Site 2,Ridge,Plot 2,S2R2,In,C,Neighbor,2016-2017,2016,2017,,,,,,835,
Site 2,Ridge,Plot 2,S2R2,Out,105,Alone,2016-2017,2016,2017,,-0.241564475,1,,,836,
Site 2,Ridge,Plot 2,S2R2,Out,108,Alone,2016-2017,2016,2017,0.857047813,1.080191365,1,0,,837,
Site 2,Ridge,Plot 2,S2R2,Out,108 part 2,Alone,2016-2017,2016,2017,0.163900633,0.857047813,1,0,,838,
Site 2,Ridge,Plot 2,S2R2,Out,114,Alone,2016-2017,2016,2017,3.264993422,3.76576871,1,0,,839,
Site 2,Ridge,Plot 2,S2R2,Out,124,Alone,2016-2017,2016,2017,2.551643534,2.871950834,1,1,7,840,8
Site 2,Ridge,Plot 2,S2R2,Out,127,Alone,2016-2017,2016,2017,1.144729886,1.550194994,1,0,,841,
Site 2,Ridge,Plot 2,S2R2,Out,132,Alone,2016-2017,2016,2017,-2.033323944,-2.033323944,1,0,,842,
Site 2,Ridge,Plot 2,S2R2,Out,152,Alone,2016-2017,2016,2017,1.18555188,1.550194994,1,0,,843,
Site 2,Ridge,Plot 2,S2R2,Out,158,Alone,2016-2017,2016,2017,2.97731135,3.313783586,1,1,2,844,3
Site 2,Ridge,Plot 2,S2R2,Out,159,Alone,2016-2017,2016,2017,,,,,,845,
Site 2,Ridge,Plot 2,S2R2,Out,169,Alone,2016-2017,2016,2017,2.648807283,2.34870269,1,1,2,846,3
Site 2,Ridge,Plot 2,S2R2,Out,171,Alone,2016-2017,2016,2017,4.115144351,3.783787215,1,0,,847,
Site 2,Ridge,Plot 2,S2R2,Out,176,Alone,2016-2017,2016,2017,,3.601465659,,,,848,
Site 2,Ridge,Plot 2,S2R2,Out,189,Alone,2016-2017,2016,2017,,,,,,849,
Site 2,West,Plot 1,S2W1,In,11,Neighbor,2016-2017,2016,2017,2.685174927,2.571846241,1,1,0,850,1
Site 2,West,Plot 1,S2W1,In,18,Neighbor,2016-2017,2016,2017,-0.241564475,-0.241564475,1,0,,851,
Site 2,West,Plot 1,S2W1,In,22,Neighbor,2016-2017,2016,2017,3.382776458,3.629636536,1,0,,852,
Site 2,West,Plot 1,S2W1,Edge,31,Neighbor,2016-2017,2016,2017,2.97731135,2.871950834,1,1,5,853,6
Site 2,West,Plot 1,S2W1,In,32,Neighbor,2016-2017,2016,2017,2.72884999,2.849477978,1,0,,854,
Site 2,West,Plot 1,S2W1,Edge,35,Neighbor,2016-2017,2016,2017,4.140462159,4.466463096,1,0,,855,
Site 2,West,Plot 1,S2W1,Out,41,Alone,2016-2017,2016,2017,4.476934396,4.140462159,1,0,,856,
Site 2,West,Plot 1,S2W1,Edge,47,Neighbor,2016-2017,2016,2017,2.890299973,2.648807283,1,1,3,857,4
Site 2,West,Plot 1,S2W1,In,50,Neighbor,2016-2017,2016,2017,0.451582705,,,0,,858,
Site 2,West,Plot 1,S2W1,Edge,54,Neighbor,2016-2017,2016,2017,1.432411958,1.773338545,1,0,,859,
Site 2,West,Plot 1,S2W1,Edge,60,Neighbor,2016-2017,2016,2017,2.754167798,2.284164169,1,0,,860,
Site 2,West,Plot 1,S2W1,Out,82,Alone,2016-2017,2016,2017,0.046117597,0.046117597,1,0,,861,
Site 2,West,Plot 1,S2W1,In,89,Neighbor,2016-2017,2016,2017,,,,,,862,
Site 2,West,Plot 1,S2W1,Edge,93,Neighbor,2016-2017,2016,2017,4.795388127,4.795388127,1,0,,863,
Site 2,West,Plot 1,S2W1,In,98,Neighbor,2016-2017,2016,2017,0.451582705,0.451582705,1,0,,864,
Site 2,West,Plot 1,S2W1,In,A,Neighbor,2016-2017,2016,2017,,,,,,865,
Site 2,West,Plot 1,S2W1,In,B,Neighbor,2016-2017,2016,2017,-1.340176764,-1.340176764,1,0,,866,
Site 2,West,Plot 1,S2W1,In,C,Neighbor,2016-2017,2016,2017,-2.033323944,-2.033323944,1,0,,867,
Site 2,West,Plot 1,S2W1,In,D,Neighbor,2016-2017,2016,2017,-3.419618306,-3.419618306,1,0,,868,
Site 2,West,Plot 1,S2W1,Edge,E,Neighbor,2016-2017,2016,2017,-2.726471125,-2.033323944,1,0,,869,
Site 2,West,Plot 1,S2W1,In,F,Neighbor,2016-2017,2016,2017,-4.805912667,-4.805912667,1,0,,870,
Site 2,West,Plot 1,S2W1,In,G,Neighbor,2016-2017,2016,2017,-0.647029583,-0.647029583,1,0,,871,
Site 2,West,Plot 1,S2W1,In,H,Neighbor,2016-2017,2016,2017,-1.340176764,-1.340176764,1,0,,872,
Site 2,West,Plot 1,S2W1,In,I,Neighbor,2016-2017,2016,2017,-0.647029583,-0.241564475,1,0,,873,
Site 2,West,Plot 1,S2W1,In,J,Neighbor,2016-2017,2016,2017,-3.419618306,-3.419618306,1,0,,874,
Site 2,West,Plot 1,S2W1,Out,K,Alone,2016-2017,2016,2017,-1.340176764,-1.340176764,1,0,,875,
Site 2,West,Plot 1,S2W1,In,L,Neighbor,2016-2017,2016,2017,-1.340176764,-1.340176764,1,0,,876,
Site 2,West,Plot 1,S2W1,In,M,Neighbor,2016-2017,2016,2017,-1.340176764,-0.241564475,1,0,,877,
Site 2,West,Plot 1,S2W1,Edge,N,Neighbor,2016-2017,2016,2017,-2.033323944,-1.340176764,1,0,,878,
Site 2,West,Plot 1,S2W1,In,O,Neighbor,2016-2017,2016,2017,-2.033323944,-1.340176764,1,0,,879,
Site 2,West,Plot 1,S2W1,In,P,Neighbor,2016-2017,2016,2017,,-4.112765486,1,,,880,
Site 2,West,Plot 1,S2W1,Out,6,Alone,2016-2017,2016,2017,2.571846241,2.794989793,1,0,,881,
Site 2,West,Plot 1,S2W1,Out,20,Alone,2016-2017,2016,2017,-2.033323944,,,0,,882,
Site 2,West,Plot 1,S2W1,Out,25,Alone,2016-2017,2016,2017,1.367873437,1.432411958,1,0,,883,
Site 2,West,Plot 1,S2W1,Out,43,Alone,2016-2017,2016,2017,1.65555551,2.243342175,1,0,,884,
Site 2,West,Plot 1,S2W1,Out,49,Alone,2016-2017,2016,2017,3.783787215,4.102240947,1,1,0,885,1
Site 2,West,Plot 1,S2W1,Out,64,Alone,2016-2017,2016,2017,4.594717432,4.760702569,1,1,17,886,18
Site 2,West,Plot 1,S2W1,Out,70,Alone,2016-2017,2016,2017,0.163900633,,,0,,887,
Site 2,West,Plot 1,S2W1,Out,74,Alone,2016-2017,2016,2017,-1.340176764,,,0,,888,
Site 2,West,Plot 1,S2W1,Out,91,Alone,2016-2017,2016,2017,2.936489355,3.313783586,1,0,,889,
Site 2,West,Plot 1,S2W1,Out,151,Alone,2016-2017,2016,2017,3.565098014,4.055720931,1,0,,890,
Site 2,West,Plot 1,S2W1,Out,160,Alone,2016-2017,2016,2017,2.061020618,2.551643534,1,1,0,891,1
Site 2,West,Plot 1,S2W1,Out,168,Alone,2016-2017,2016,2017,-2.033323944,-0.647029583,1,0,,892,
Site 2,West,Plot 1,S2W1,Out,184,Alone,2016-2017,2016,2017,4.312312416,4.599994489,1,0,,893,
Site 2,West,Plot 1,S2W1,Out,193,Alone,2016-2017,2016,2017,,,,,,894,
Site 2,West,Plot 2,S2W2,In,106,Neighbor,2016-2017,2016,2017,4.205000681,4.412395875,1,0,,895,
Site 2,West,Plot 2,S2W2,Neighbor,121,Neighbor,2016-2017,2016,2017,2.97731135,3.072621529,1,0,,896,
Site 2,West,Plot 2,S2W2,In,128,Neighbor,2016-2017,2016,2017,4.035101644,3.313783586,1,0,,897,
Site 2,West,Plot 2,S2W2,Neighbor,149,Neighbor,2016-2017,2016,2017,3.131462029,3.827462279,1,0,,898,
Site 2,West,Plot 2,S2W2,Neighbor,166,Neighbor,2016-2017,2016,2017,4.035101644,,,0,,899,
Site 2,West,Plot 2,S2W2,In,178,Neighbor,2016-2017,2016,2017,4.294612839,4.92891952,1,0,,900,
Site 2,West,Plot 2,S2W2,Edge,179,Neighbor,2016-2017,2016,2017,4.92891952,5.279896443,1,0,,901,
Site 2,West,Plot 2,S2W2,In,181,Neighbor,2016-2017,2016,2017,4.140462159,3.747419571,1,0,,902,
Site 2,West,Plot 2,S2W2,In,X,Neighbor,2016-2017,2016,2017,,-0.647029583,,,,903,
Site 2,West,Plot 2,S2W2,In,Y,Neighbor,2016-2017,2016,2017,,-0.647029583,,,,904,
Site 2,West,Plot 2,S2W2,Out,101,Alone,2016-2017,2016,2017,0.857047813,1.65555551,1,0,,905,
Site 2,West,Plot 2,S2W2,Out,111,Alone,2016-2017,2016,2017,1.080191365,1.432411958,1,0,,906,
Site 2,West,Plot 2,S2W2,Out,122,Alone,2016-2017,2016,2017,1.550194994,1.550194994,1,0,,907,
Site 2,West,Plot 2,S2W2,Out,125,Alone,2016-2017,2016,2017,1.080191365,2.061020618,1,0,,908,
Site 2,West,Plot 2,S2W2,Out,136,Alone,2016-2017,2016,2017,3.747419571,3.576147851,1,1,0,909,1
Site 2,West,Plot 2,S2W2,Out,137,Alone,2016-2017,2016,2017,2.802957962,2.802957962,1,1,2,910,3
Site 2,West,Plot 2,S2W2,Out,140,Alone,2016-2017,2016,2017,3.542625159,3.137160051,1,0,,911,
Site 2,West,Plot 2,S2W2,Out,182,Alone,2016-2017,2016,2017,1.144729886,0.451582705,1,0,,912,
Site 2,West,Plot 2,S2W2,Out,195,Alone,2016-2017,2016,2017,4.053450782,3.830307231,1,1,0,913,1
Site 2,West,Plot 2,S2W2,In,A,Neighbor,2016-2017,2016,2017,-2.033323944,-2.033323944,1,0,,914,
Site 2,West,Plot 2,S2W2,Edge,B,Neighbor,2016-2017,2016,2017,-2.726471125,-2.726471125,1,0,,915,
Site 2,West,Plot 2,S2W2,In,C,Neighbor,2016-2017,2016,2017,,,,,,916,
Site 2,West,Plot 2,S2W2,In,D,Neighbor,2016-2017,2016,2017,-0.241564475,0.046117597,1,0,,917,
Site 2,West,Plot 2,S2W2,Edge,E,Neighbor,2016-2017,2016,2017,-0.241564475,0.163900633,1,0,,918,
Site 2,West,Plot 2,S2W2,In,F,Neighbor,2016-2017,2016,2017,-3.419618306,-3.419618306,1,0,,919,
Site 2,West,Plot 2,S2W2,Out,G,Alone,2016-2017,2016,2017,,,,,,920,
Site 4,Ridge,Plot 0,S4R0,Edge,6,Neighbor,2016-2017,2016,2017,3.041849871,3.932822795,1,1,5,921,6
Site 4,Ridge,Plot 0,S4R0,Edge,12,Neighbor,2016-2017,2016,2017,-0.647029583,-0.934711656,1,0,,922,
Site 4,Ridge,Plot 0,S4R0,In,16,Neighbor,2016-2017,2016,2017,2.34870269,2.284164169,1,1,4,923,5
Site 4,Ridge,Plot 0,S4R0,In,20,Neighbor,2016-2017,2016,2017,0.674726257,1.080191365,1,0,,924,
Site 4,Ridge,Plot 0,S4R0,Edge,22,Neighbor,2016-2017,2016,2017,3.393826294,3.970563123,1,1,2,925,3
Site 4,Ridge,Plot 0,S4R0,Out,29,Alone,2016-2017,2016,2017,-0.647029583,-1.340176764,1,0,,926,
Site 4,Ridge,Plot 0,S4R0,Out,48,Alone,2016-2017,2016,2017,1.704345674,1.080191365,1,0,,927,
Site 4,Ridge,Plot 0,S4R0,In,62,Neighbor,2016-2017,2016,2017,2.936489355,3.747419571,1,1,0,928,1
Site 4,Ridge,Plot 0,S4R0,Edge,72,Neighbor,2016-2017,2016,2017,3.254943086,2.34870269,1,1,0,929,1
Site 4,Ridge,Plot 0,S4R0,In,73,Neighbor,2016-2017,2016,2017,2.215171298,1.432411958,1,0,,930,
Site 4,Ridge,Plot 0,S4R0,In,81,Neighbor,2016-2017,2016,2017,2.571846241,3.159632906,1,1,0,931,1
Site 4,Ridge,Plot 0,S4R0,Edge,90,Neighbor,2016-2017,2016,2017,1.432411958,0.674726257,1,0,,932,
Site 4,Ridge,Plot 0,S4R0,In,100,Neighbor,2016-2017,2016,2017,1.144729886,0.739264778,1,0,,933,
Site 4,Ridge,Plot 0,S4R0,In,9,Neighbor,2016-2017,2016,2017,3.719248694,3.527357687,1,1,6,934,7
Site 4,Ridge,Plot 0,S4R0,Out,60,Alone,2016-2017,2016,2017,3.378322107,3.734997051,1,1,17,935,18
Site 4,Ridge,Plot 0,S4R0,In,61,Neighbor,2016-2017,2016,2017,1.144729886,0.451582705,1,0,,936,
Site 4,Ridge,Plot 0,S4R0,Out,66,Alone,2016-2017,2016,2017,0.451582705,1.144729886,1,0,,937,
Site 4,Ridge,Plot 0,S4R0,Out,69,Alone,2016-2017,2016,2017,0.451582705,0.451582705,1,0,,938,
Site 4,Ridge,Plot 0,S4R0,Out,82,Alone,2016-2017,2016,2017,,,,,,939,
Site 4,Ridge,Plot 0,S4R0,Out,85,Alone,2016-2017,2016,2017,2.571846241,1.837877066,1,0,,940,
Site 4,Ridge,Plot 0,S4R0,In,91,Neighbor,2016-2017,2016,2017,-0.241564475,0.451582705,1,0,,941,
Site 4,Ridge,Plot 0,S4R0,Out,95,Alone,2016-2017,2016,2017,3.478086638,2.397492854,1,1,5,942,6
Site 4,Ridge,Plot 1,S4R1,Out,8,Alone,2016-2017,2016,2017,-0.934711656,0.163900633,1,0,,943,
Site 4,Ridge,Plot 1,S4R1,In,18,Neighbor,2016-2017,2016,2017,4.171233818,3.747419571,1,1,12,944,13
Site 4,Ridge,Plot 1,S4R1,Edge,21,Neighbor,2016-2017,2016,2017,,,,,,945,
Site 4,Ridge,Plot 1,S4R1,Edge,23,Neighbor,2016-2017,2016,2017,2.061020618,1.65555551,1,0,,946,
Site 4,Ridge,Plot 1,S4R1,In,34,Neighbor,2016-2017,2016,2017,1.927489225,1.773338545,1,0,,947,
Site 4,Ridge,Plot 1,S4R1,In,36,Neighbor,2016-2017,2016,2017,,,,,,948,
Site 4,Ridge,Plot 1,S4R1,In,38,Neighbor,2016-2017,2016,2017,,,,,,949,
Site 4,Ridge,Plot 1,S4R1,In,40,Neighbor,2016-2017,2016,2017,2.890299973,2.936489355,1,1,0,950,1
Site 4,Ridge,Plot 1,S4R1,Neighbor,51,Neighbor,2016-2017,2016,2017,3.090640035,3.421997171,1,1,6,951,7
Site 4,Ridge,Plot 1,S4R1,Out,2,Alone,2016-2017,2016,2017,2.551643534,2.908318478,1,1,1,952,2
Site 4,Ridge,Plot 1,S4R1,Out,15,Alone,2016-2017,2016,2017,,,,,,953,
Site 4,Ridge,Plot 1,S4R1,Out,42,Alone,2016-2017,2016,2017,3.409093766,3.660408194,1,0,,954,
Site 4,Ridge,Plot 1,S4R1,In,45,Neighbor,2016-2017,2016,2017,4.269295031,3.91991939,1,0,,955,
Site 4,Ridge,Plot 1,S4R1,Neighbor,47,Neighbor,2016-2017,2016,2017,,,,,,956,
Site 4,Ridge,Plot 1,S4R1,Out,50,Alone,2016-2017,2016,2017,2.156330798,1.955660102,1,1,0,957,1
Site 4,Ridge,Plot 1,S4R1,Out,52,Alone,2016-2017,2016,2017,2.36112521,2.794989793,1,1,6,958,7
Site 4,Ridge,Plot 1,S4R1,Out,65,Alone,2016-2017,2016,2017,4.086973474,2.908318478,1,0,,959,
Site 4,Ridge,Plot 1,S4R1,Edge,67,Neighbor,2016-2017,2016,2017,1.992027746,1.550194994,1,1,0,960,1
Site 4,Ridge,Plot 1,S4R1,Out,84,Alone,2016-2017,2016,2017,0.674726257,0.857047813,1,0,,961,
Site 4,Ridge,Plot 1,S4R1,Out,97,Alone,2016-2017,2016,2017,0.674726257,0.674726257,1,0,,962,
Site 4,Ridge,Plot 1,S4R1,Out,98,Alone,2016-2017,2016,2017,2.215171298,1.837877066,1,1,0,963,1
Site 4,Ridge,Plot 2,S4R2,In,13,Neighbor,2016-2017,2016,2017,3.783787215,4.913652048,1,1,0,964,1
Site 4,Ridge,Plot 2,S4R2,In,24,Neighbor,2016-2017,2016,2017,-1.340176764,0.163900633,1,0,,965,
Site 4,Ridge,Plot 2,S4R2,In,27,Neighbor,2016-2017,2016,2017,3.747419571,2.685174927,1,0,,966,
Site 4,Ridge,Plot 2,S4R2,Out,28,Alone,2016-2017,2016,2017,-0.934711656,-0.934711656,1,0,,967,
Site 4,Ridge,Plot 2,S4R2,In,43,Neighbor,2016-2017,2016,2017,,,,,,968,
Site 4,Ridge,Plot 2,S4R2,Out,49,Alone,2016-2017,2016,2017,0.857047813,0.857047813,1,0,,969,
Site 4,Ridge,Plot 2,S4R2,In,74,Neighbor,2016-2017,2016,2017,1.144729886,0.739264778,1,0,,970,
Site 4,Ridge,Plot 2,S4R2,Neighbor,83,Neighbor,2016-2017,2016,2017,,,,,,971,
Site 4,Ridge,Plot 2,S4R2,Out,87,Alone,2016-2017,2016,2017,2.34870269,2.871950834,1,0,,972,
Site 4,Ridge,Plot 2,S4R2,In,88,Neighbor,2016-2017,2016,2017,,,,,,973,
Site 4,Ridge,Plot 2,S4R2,In,89,Neighbor,2016-2017,2016,2017,0.163900633,0.163900633,1,0,,974,
Site 4,Ridge,Plot 2,S4R2,Out,93,Alone,2016-2017,2016,2017,2.571846241,2.243342175,1,0,,975,
Site 4,Ridge,Plot 2,S4R2,Out,A,Alone,2016-2017,2016,2017,1.144729886,0.857047813,1,0,,976,
Site 4,Ridge,Plot 2,S4R2,Out,B,Alone,2016-2017,2016,2017,0.451582705,-0.241564475,1,0,,977,
Site 4,Ridge,Plot 3,S4R3,Out,3,Alone,2016-2017,2016,2017,,2.061020618,,,,978,
Site 4,Ridge,Plot 3,S4R3,Out,17,Alone,2016-2017,2016,2017,,1.837877066,,,,979,
Site 4,Ridge,Plot 3,S4R3,Out,35,Alone,2016-2017,2016,2017,,3.054272391,,,,980,
